id,salary_to
20978,7965
3102,3678
14731,4586
16113,1694
8410,3967
35395,4122
21864,7359
36701,497
21773,1469
31078,8207
3601,7948
28644,8356
8038,8184
23609,9804
19984,2337
3104,8157
22306,2546
31345,3430
32875,2094
9987,424
15415,9908
35742,7498
3929,6514
8966,4641
28537,183
8840,9901
30569,7038
5836,8214
14344,5404
32901,6156
3835,5439
20113,1873
17031,6146
23305,3083
5954,2322
5342,348
17681,6982
27115,5306
25182,9301
35282,3508
31016,3990
26001,5591
13094,1981
17191,1869
27839,4165
2135,2633
4269,1278
7063,1173
853,1267
13486,2558
776,6117
26233,171
35244,1314
10127,376
17831,4045
34061,4068
17259,9666
7040,7768
25477,3894
1453,2868
21107,7837
11717,6072
27209,2637
70,1947
19711,1753
10512,6156
5764,5767
30200,6233
31442,9780
24752,4755
6832,825
926,5127
13988,4169
10823,3923
18076,4750
32186,5161
5694,8513
21903,7785
20839,8719
465,1563
22103,3351
12540,9194
34188,3794
2649,9969
16177,6703
19314,8544
20713,1366
20126,6443
9397,7350
29050,1826
35235,588
9400,5235
24887,3237
23587,5913
23534,512
25996,2320
3931,1944
13398,5356
30710,7517
24678,9237
17811,8933
34143,9384
18872,3796
22589,6225
30596,4342
3337,3536
11013,1078
22003,4157
4273,9520
21373,7730
28392,7767
34829,4739
28728,4645
8934,3436
33256,1014
31979,7818
12140,3556
22594,439
3211,5765
19371,3174
14442,153
2531,503
36887,3367
23727,9006
15914,8290
35142,1412
24396,5158
9880,6538
30384,2995
21900,4462
8466,5210
35726,8262
24239,9778
21660,7017
35278,5441
30288,5302
35197,8745
31484,491
29814,4405
36238,6194
9198,2539
18434,5114
19850,3370
23462,158
19633,4073
27455,6379
15665,3515
2952,9614
11178,7330
10428,4399
11430,325
31686,3076
5777,8762
25223,4366
34063,4052
7652,5242
33426,9276
9279,3792
26179,8083
11756,9526
5712,7567
12490,9713
18869,4262
4819,6372
6657,8621
10289,2463
10453,106
28435,8690
8014,6313
1331,8415
19345,854
29801,2017
441,9608
16404,5188
30285,9852
26363,9421
7030,1592
14183,464
22853,8620
28847,4673
6095,4588
7327,9347
5980,165
19639,5988
12369,860
34431,5330
16186,2131
5533,9654
20828,2231
29382,9999
21215,4955
24334,9711
35481,2244
32334,3114
11100,6587
29851,3183
1661,7354
5306,6066
8116,6906
13517,4970
29283,1130
35141,9600
14099,3822
33364,3331
19683,9770
27271,6037
11300,634
15164,9584
13468,23
17306,266
14829,9995
27428,6389
896,7984
2126,5594
16710,8270
5070,388
25564,3474
6062,3908
16262,396
4699,5098
29995,4240
6797,4814
34855,1543
9103,8500
29406,9910
1710,166
24730,6002
25577,459
10405,7505
21567,4649
32241,2300
22586,4780
9040,5416
18169,2826
22392,1240
12079,1466
725,7217
27658,2535
22379,809
9938,7419
19663,6681
30175,1468
3548,8467
33790,2663
28157,7157
34783,988
16432,7124
35562,9920
29354,7154
7567,3598
3785,3308
35637,7307
32549,4697
24148,2981
36243,230
33165,9420
13314,8889
32836,9668
24149,3940
26082,7339
7615,1755
31929,7321
25049,8273
5427,6905
2247,9195
31645,1238
30072,8538
83,3137
16379,7708
33395,607
28210,7544
24176,5287
3803,6241
18618,8328
34630,9859
35526,4225
19789,4672
15397,1588
26078,7867
28818,6886
23437,5768
26332,5999
20451,7715
13427,8634
7742,8706
26932,1497
3843,7838
7850,8862
21477,5031
29431,518
16966,8955
13133,95
4559,8412
27967,467
17791,4984
20509,1877
32648,7450
10454,1830
27084,1632
9750,558
18016,967
1291,3859
15476,2207
6689,7688
12768,3937
17656,486
17008,2365
19699,4915
24744,5174
15543,886
10650,7562
25165,673
30703,7741
10356,9400
11764,5278
4998,2625
7840,7612
15220,8706
33410,8532
8499,8282
35229,7009
3899,819
14417,550
34812,5275
14552,6990
11997,6689
11583,467
12539,249
32743,7319
22602,1787
34262,6509
11626,9001
26997,8701
23148,2092
7937,4039
1253,4226
21716,8546
3074,2791
35606,7009
18406,7865
1876,9272
26608,2623
1796,8482
5893,1000
18294,6445
19597,9263
22582,5314
10198,929
1670,6132
16904,529
28121,305
5121,2017
2622,8213
15242,4735
36679,643
16695,7984
22274,2585
26977,7450
29015,7440
34875,5082
12124,4237
5219,3724
14881,7672
26989,4792
6888,3142
19227,3474
21279,4732
8220,2924
1457,4953
13506,5970
11501,1615
17075,6141
7646,9752
9153,675
16298,5410
4592,3413
25852,577
23605,3755
18673,9353
14657,4607
30923,6709
3416,8684
8928,8457
15617,7414
18805,4666
277,1084
28434,1625
25886,2143
34368,4381
32845,3980
28648,2662
23219,9871
24835,7527
10602,4312
30522,8330
7149,4389
22272,9159
36068,4921
31724,6376
11309,8232
1332,704
1900,4808
17909,7393
19415,9074
27360,5558
24992,1325
27987,4917
18962,9641
12030,4367
22217,7681
34625,8493
15416,9088
37047,2693
263,3739
14736,6302
4199,1940
11034,6503
29160,6791
13764,466
14464,7749
17217,4728
33367,5314
10429,215
25046,3007
12384,46
26799,3252
22903,378
7577,8164
27206,5916
6149,9518
6863,1679
1398,4344
9588,8319
18529,2903
18461,7044
5780,4401
10544,2199
19045,6450
27677,8254
1188,7121
31351,6349
25807,672
36474,3611
24959,1640
37079,5726
19776,7686
1616,2747
35839,8739
3053,8317
32871,8679
20627,4576
17117,7178
36806,8142
12514,566
36774,9489
13538,8476
13125,8233
6108,8132
843,5129
20110,4249
5085,6013
10545,8886
12591,8674
7569,8293
28842,6582
9712,4925
36819,9965
5667,8818
15192,4103
20123,5957
10359,3689
29244,4154
34826,8693
22527,7575
2851,1757
33939,7580
6056,3075
35752,4845
26804,3662
27762,8249
8508,1187
31737,5961
10408,7390
6604,6955
20870,6357
1553,1075
15382,3132
8161,8870
12238,3417
29014,8539
6271,5488
20633,6838
6315,9282
32514,2857
13684,3587
6328,1212
19365,8389
34347,3986
31894,7041
11438,7578
6314,6458
7474,6864
5735,1067
14137,7791
25244,6246
12989,9852
4737,6859
34481,2228
31765,4566
31572,2008
28237,2017
33257,7205
12426,9573
28833,429
36507,1708
29224,2960
5288,5554
9559,3576
1319,2944
18476,772
29316,7231
13791,2224
6334,3637
33065,3721
1837,5051
791,4447
36265,2893
11215,3332
6395,5336
26877,1447
12267,2214
13172,5764
2029,2768
18979,362
35125,7769
8525,7814
29191,8383
22385,2406
10241,7304
608,7021
16423,9350
28456,7116
3585,4407
23701,1489
26176,2834
7571,5385
13499,4632
15097,7088
29726,4262
16660,3837
1673,4410
33653,9329
6231,4748
30739,1043
22325,99
14023,6572
7395,9221
13539,8261
26444,2939
26635,3805
21654,3037
3886,2961
18112,9580
5157,2499
34026,1333
4900,9382
16355,8148
34094,7476
22001,9449
3885,2269
25136,4929
28062,1574
7100,6811
27191,1221
13618,3709
6036,1044
27921,6086
11754,6129
14170,5903
11873,3619
5740,5372
32950,5184
30994,8225
8908,8548
10669,5032
4,3688
30813,4561
22759,2356
34036,5325
10059,8744
20071,8888
30228,1978
14320,4866
34631,8103
25011,5200
24969,7811
3593,7203
24573,7486
2743,4769
25013,6591
12831,9817
35029,5013
4660,6490
5960,7070
29029,1597
8504,6103
29547,6202
34166,2901
2308,7963
10285,7813
10721,5737
7592,1030
11448,8206
33472,1621
32825,3618
6188,2225
9235,721
32513,2289
19926,4425
23335,3528
11865,6197
21648,8568
31504,4852
24198,9443
27659,2513
22969,2057
36066,7851
7475,5798
9149,1939
17846,5795
9766,8806
5011,9474
9398,7103
273,895
2635,4980
7487,5497
1732,213
32040,9735
8426,9861
7834,350
10312,588
11742,2894
24420,89
15741,4282
268,8758
911,8214
15341,5655
29452,1355
11598,8203
19518,1624
18729,3900
32590,894
36148,5533
11917,2034
15331,9076
17547,7099
15808,9356
8213,5752
31608,3475
35527,3554
1807,9768
21009,4320
31464,832
31818,9757
20497,1589
25760,3733
22041,3459
75,5867
21135,7380
24871,2349
23288,7841
16470,7541
800,702
10343,1928
330,5118
9687,9861
9289,7603
11868,2410
32642,8130
15362,7945
10883,6620
30742,6613
31672,8350
32169,5344
2277,1512
18346,386
29207,3857
3165,1850
31175,97
35048,6097
20753,4752
23758,9818
32300,5126
26448,4081
7305,3760
25462,7093
9747,7386
12083,8341
21539,2593
24771,2812
7330,1048
12790,833
29633,8375
14169,4418
4772,9760
25350,8648
36270,5551
22965,7906
842,7902
20387,5729
12114,7596
11192,9111
15962,4353
7510,3058
12338,8255
31636,7002
30992,2945
19024,1164
18724,8660
18649,2137
34353,3420
21890,8862
3028,2540
24523,5186
36842,8799
26194,3357
14124,5878
29149,8333
36398,3965
3155,7938
24130,1739
29187,3112
19949,8304
31900,2412
29557,2706
1911,959
1107,5867
12013,8683
26782,9067
10735,9513
3000,9539
23765,7821
21994,6576
30934,7579
21764,2404
32851,8383
17556,3489
9648,1453
2772,8732
15388,1737
19858,8774
5377,466
13722,5913
14832,8168
19100,8104
18486,9436
12050,4049
8193,6559
4159,172
8735,1542
30686,1487
28194,341
36721,7028
18959,6035
15361,2967
27214,8287
10178,1274
12681,3504
30461,7338
12358,8570
16930,5457
24381,2659
30054,4147
3914,7333
1912,1821
28484,1655
27054,6690
1487,4335
18846,7419
36748,7128
19594,5325
3193,3138
23936,3447
3063,6070
20949,387
27318,3661
28191,4941
24521,6800
10579,3803
18172,7306
20960,1258
14428,5729
32485,6869
14710,5807
8440,6986
17419,8548
8141,6954
19382,4064
20794,2743
18716,2471
13530,9168
35857,3525
34874,3389
10710,1154
1993,9386
1707,1421
21258,8548
2992,3941
31969,2897
22068,325
22513,5898
14454,4282
928,1662
17444,2348
879,4723
22984,6509
7759,7678
4903,7720
35682,8762
36078,1084
29572,9025
21595,9257
36375,2429
12564,9712
20050,8543
27774,3151
28218,9719
4405,1363
7576,8002
34863,2876
29786,6684
16300,2365
8857,9915
24333,9692
23808,2552
10035,1297
22248,2716
32410,6823
23362,3227
18422,3444
2464,8536
26909,3098
2265,4410
3168,2722
1416,3368
32314,9490
8869,3812
31076,172
4285,3259
2624,4968
4058,293
32604,4177
28452,6324
10601,5046
36060,3331
17998,5046
35554,3449
3419,5156
22049,1101
10994,5078
35078,4389
7794,3608
5356,8281
25062,4682
13104,595
2189,7056
36329,7147
20945,3889
19165,145
3938,7045
8146,1172
210,3980
7335,8699
30205,9534
21434,427
959,3919
32739,8234
12505,3545
33758,1801
17542,5632
20474,3071
21844,101
14243,2695
22570,2479
7981,7665
34334,8176
3635,7511
24753,7241
35119,7909
23343,6223
7323,5435
8897,8729
22859,4025
9960,8938
10090,5624
3568,4350
22374,1915
35883,2472
13298,9182
8413,7481
32830,5271
7924,6011
25023,7871
25190,9455
8961,7696
25067,8423
4445,4941
29023,8400
4775,7852
29524,5903
30478,2535
6972,4387
2554,7530
20872,1300
953,206
18954,2967
5653,9254
15902,4399
11699,4994
6215,615
34879,4825
10092,5152
35388,3379
16278,3037
28480,965
27203,1515
9790,3962
12418,8885
23089,1700
5525,3359
11147,4829
7600,7803
25382,6644
33515,2932
19025,4851
18925,2021
16736,3609
25070,3410
35114,1728
12029,2611
1278,1652
23330,8901
22638,5685
23372,1178
26276,6776
20244,9654
33965,4116
6350,6497
6133,6868
27449,3623
23904,1914
24553,6803
24443,1038
3286,4497
15171,4210
13874,2173
23417,4302
37145,3997
30287,1823
25405,2752
4469,113
32178,286
22344,1579
26837,9363
10081,2687
8590,1481
25371,9199
6046,2561
21379,5293
14526,5297
4463,4079
33960,6808
14014,2519
23656,8286
34535,5034
29274,1749
34817,9074
9351,7239
20524,5634
21714,8516
25415,2793
23135,5823
7516,5871
8500,6002
18488,7910
943,3384
37077,2700
28106,9397
14190,1702
15938,6985
10798,3790
21401,9154
18481,6156
12272,8387
17511,2465
30169,3721
9792,5823
10855,7583
9100,6182
1731,550
35791,5685
24033,7993
967,7723
12233,1502
2496,6435
29044,9298
32329,7386
428,6551
24629,5747
23352,143
16207,6540
36213,1205
31056,2855
24758,5335
2213,2063
28525,8429
23716,4726
11670,4412
14273,5352
18502,3915
2980,5447
32460,572
8238,8252
28650,7497
23937,2273
37179,5182
17074,1360
16597,1921
27726,514
8293,2778
29144,9150
18453,1986
30484,4915
26235,9974
24287,631
30782,6150
36541,2154
28067,5088
16549,9981
1303,5503
32312,8960
29621,4357
30093,5628
28636,5563
32753,9151
34511,9651
15631,4408
1576,5249
16780,9665
25915,9387
24890,820
29141,6771
22144,7015
27047,8970
17431,6933
22994,4685
20129,1045
16586,2840
7070,9391
17247,4343
6039,8923
15770,3612
18106,5345
14005,9456
22196,5550
1162,6568
25505,6584
16639,2899
18398,7604
30156,1484
33543,8704
13759,6937
14712,9171
18622,8064
17278,8559
22093,1948
29737,728
26974,8510
29461,1557
831,5807
14675,4885
24586,3587
6316,9569
12080,6232
17220,185
14218,2186
2532,9658
22917,6033
25238,8164
33871,6065
23101,5589
11099,6052
13,8576
312,2818
31158,4970
32271,3144
26787,1362
26244,8306
18576,1818
12757,8228
28499,3439
3519,5623
34172,1707
26002,601
2323,6829
28122,3561
17462,2100
9172,9715
2830,1185
36945,3771
13702,4054
23427,4945
10087,6066
36023,3780
22697,4464
14942,7810
7094,3182
27919,482
28792,9242
32847,5844
21661,6287
26173,6529
14828,5856
30102,7947
4082,4481
33720,6765
22939,4421
14510,6702
18521,6291
29067,4774
37241,6623
34136,1307
16093,8426
9026,2423
30302,2438
3265,27
24655,6688
29581,5068
2290,5460
24109,7204
24513,90
33578,7779
24743,5060
13834,7935
30828,5860
22034,5875
36302,9417
4410,39
2442,6697
18911,6114
21393,2653
25429,5764
19686,2896
20570,4464
33594,7205
1786,6705
24092,6550
31549,8064
27593,677
34306,6558
1427,182
2445,190
4913,3202
31614,1552
19677,508
5989,9057
532,6595
27888,8755
6663,9327
32777,272
29399,2220
31965,4965
37129,7750
11451,7234
2133,3547
17697,6989
2874,8503
30567,6890
27088,1186
27819,4342
6887,3551
26022,7160
25265,8309
12947,4663
5874,8029
26606,7607
16987,455
15278,3872
14929,9293
7686,4795
32717,5744
15209,9545
3735,3593
13236,6964
27674,2976
13179,4482
13583,7747
8274,8759
19391,7375
25603,5133
30226,3453
30301,8486
1395,5173
25118,4071
21361,145
8825,3763
7893,2379
2207,7524
33666,6103
37012,2701
37083,275
29668,2391
18206,6044
17115,100
23604,932
9568,5511
2847,8514
35712,8283
3455,8452
8761,9692
31804,5749
10468,3874
29005,9305
12335,904
19936,5933
26513,3802
12292,659
5908,218
35427,1839
1337,462
26926,235
15031,915
6179,1739
12250,6285
18719,4156
22501,1800
25911,516
14040,477
25565,8107
22216,9420
16718,7502
2383,9705
14555,3403
21614,4795
31893,9786
7743,8669
25543,5274
1640,4679
30982,8808
21338,6297
20626,362
28043,3837
35621,9743
4178,8995
24270,7966
4890,5135
9925,9100
14363,2589
34443,9500
5865,6624
13287,8013
35311,1223
29478,8064
33968,2644
22968,7170
15742,5702
25665,8103
34050,9813
19429,4932
7640,902
20783,8419
16675,7222
12033,5496
2266,1319
11131,8543
19161,4971
12296,8501
33186,1069
10623,3272
34876,1232
20186,8313
15955,8757
314,7233
28712,4430
6585,7304
28188,3699
9085,2467
14840,747
29158,8884
32076,4336
36826,9050
10827,5713
1052,877
23242,1211
13724,5519
34234,9098
19854,2992
35858,5921
31428,1137
8586,2627
13655,6156
11942,4506
1864,4921
27260,9164
14579,4757
27568,1077
308,6971
12967,7386
5386,3070
7495,1158
26410,9470
26255,4601
16981,2352
22458,9984
14375,8870
29889,8738
12507,8375
28216,3971
10322,3895
36494,1175
36354,7316
33857,3868
25593,259
4227,8361
471,2567
37131,6886
1464,9562
8355,2805
16550,8733
12148,2571
14517,8643
27838,5426
9273,891
22535,2725
10645,5469
3916,5565
12016,528
29853,7792
9414,8626
1077,7046
29920,1831
4915,6010
34103,4529
12430,3911
1603,7415
25645,3681
28790,1892
17305,9892
26493,5849
15099,4378
16141,6031
14872,5894
31828,8014
6268,5151
29042,1220
22771,2767
32401,5045
28193,9727
5859,3576
36471,5513
33979,890
15253,3127
33360,9473
33876,2119
5757,7235
13014,5246
35075,4014
993,7640
10577,4358
31140,6688
96,1043
34454,1
18339,1405
31430,782
5227,6837
21287,4280
36855,6151
28715,8208
19121,5606
31184,5662
31607,5141
34967,2177
36624,1568
6427,9090
21165,1396
29284,3659
17053,167
2814,2027
566,9957
15265,1217
17078,6653
29418,7986
27985,9562
710,8558
14544,866
1348,105
18119,8692
21441,8070
25082,8852
16947,1798
21722,9323
4283,9970
7599,9741
9803,7584
33047,1609
32317,6383
28142,7674
501,4918
16245,2676
7302,9717
14004,1367
4741,8195
5371,211
36873,6278
31752,3901
33420,1594
13033,4342
31783,5652
27458,4899
31223,8990
18718,8358
25375,875
15268,4598
33289,8331
24606,8035
31503,9331
20366,6084
23614,1894
14065,2931
14492,702
6708,383
144,1279
8279,4674
6366,9552
22474,3871
10914,8443
21635,4892
34156,6514
21016,6353
30267,331
15526,7736
25932,6704
8270,2665
40,1902
15593,9390
7336,1475
14740,5796
8363,9863
8124,1779
27419,9405
36170,7521
2448,9281
15129,5700
35906,1417
3056,3767
16605,2543
35168,9368
12519,4107
34212,3571
10007,964
19002,5382
7831,8039
25058,8729
18002,174
19535,9492
24715,8461
12324,4019
18506,5718
28274,9859
16872,2380
14420,2276
29705,3357
1090,2045
9728,7603
33179,9039
36660,9890
20745,9347
34187,6037
36704,6010
35181,4318
21060,8131
36985,8149
7653,3639
34105,4531
31443,2228
19833,6688
10990,5839
34467,8746
25918,4097
26541,6364
13260,9129
23721,1197
23430,340
14129,7804
26904,3447
12301,1858
4641,313
17243,1848
17703,2922
25545,2048
21558,7415
27485,5348
31427,5445
33896,3038
22324,9081
8518,5530
1791,1274
10089,1292
2295,1791
20060,306
36346,6510
7917,150
3128,5288
24131,3223
1588,1523
3660,7535
21405,3108
19636,2414
19038,119
21717,6684
12058,8033
1346,2245
35778,2140
20761,5768
26404,8077
7901,4700
24738,8828
7827,8519
23566,572
26978,2039
1430,8821
22027,498
24265,9434
33704,763
13167,4118
21047,5461
32497,3084
17781,7231
23266,5732
29579,182
21185,2333
19424,8110
16599,1793
7911,8236
5128,8349
34282,8956
4800,9939
29604,4202
8468,3895
32671,76
33713,1185
22688,3233
20628,1630
27742,6863
16613,4742
31681,5931
33959,3713
22871,1006
12959,4464
26300,7465
7449,8405
2588,7179
5561,9710
5226,1438
1418,7759
17641,971
37097,7920
10475,1039
14261,2039
8979,9659
1109,3924
61,8074
9282,5705
15676,5730
34945,5377
20887,821
37172,5299
20122,8686
18253,5228
4229,8039
25874,7950
24999,6324
16610,1978
13581,7885
18958,8
15841,4817
7738,7322
24049,1767
2828,9799
14224,7964
9301,6479
3356,5729
11841,6585
19979,2327
28909,2002
6898,1533
28988,9238
26689,4550
24213,9827
27145,8793
9517,4670
9667,2753
8786,5902
11296,8213
30524,9012
36905,2244
33478,1453
35421,1747
31490,2671
5676,5458
17476,7310
36233,7424
24562,6592
7414,5357
21829,3784
15931,5040
30150,8108
16180,3631
5572,7191
14264,8427
4168,7534
6857,1409
1434,7050
14532,5329
23222,413
16564,3939
12332,3428
21063,3801
23735,1936
20078,5338
6529,2961
5685,5657
28137,2973
32824,6180
7096,9793
36378,6463
1682,9878
6181,3878
6246,2796
18734,5348
34882,8676
12276,7235
18507,3245
14058,4710
31643,835
33448,3044
16871,1086
30163,402
17501,4562
21491,4925
7133,2061
23111,1036
2043,6608
12805,7202
9003,5704
27783,157
27911,8653
25814,4578
14928,7569
8707,873
8133,992
36685,6989
8622,5017
2237,699
25220,285
11427,3809
5325,3207
21464,7134
19261,2273
14522,6611
13415,3887
573,7044
18914,4139
21601,401
15621,8655
28560,198
2915,9042
15980,2701
25252,4098
9150,686
2116,9169
28108,2264
30539,676
1829,3399
32080,195
8969,924
21588,7671
25810,7836
31745,7685
21655,1263
8858,7051
7916,4167
22657,9209
19454,1576
33103,8375
30627,173
25437,2196
2055,36
17744,1640
9693,1148
9253,4359
7251,5599
14159,7864
23153,2793
15865,4351
11903,408
17484,7164
19582,4729
29468,4013
16602,5367
20550,8183
16264,9942
19124,2831
18306,3962
36403,4247
31665,5057
19511,3161
32198,1509
18082,1387
26857,6884
20798,7227
1402,1840
24221,3816
14764,5783
18560,3732
1179,1935
10183,6758
25408,203
28563,6921
24576,6573
14155,2919
12068,2628
33048,1282
6969,2715
14149,180
26226,7645
32849,8531
1426,3162
11177,8879
6324,2521
37195,1643
18349,6702
30308,7523
25677,528
6870,6267
25472,5889
34049,6563
18703,1791
13931,5492
7515,1198
34697,8124
23140,3433
3698,4624
34852,914
15705,1390
22564,8554
10592,1235
19432,7571
28891,8835
36318,6662
11773,9200
8231,1605
12928,4458
5557,5284
16467,5527
25971,9660
34765,6158
20604,4239
186,6428
27616,3365
28543,8395
34917,4874
11893,7260
14277,6300
10700,5429
22101,9115
29525,2727
32503,2972
3820,481
16437,7777
3942,9417
20021,425
19015,5651
16539,5554
34912,4594
9419,1736
31488,8389
34192,5640
25776,7036
10509,9533
21026,1099
20899,8091
6612,6827
21608,2146
16333,3004
21653,2021
15483,8596
26338,6511
647,2583
1270,3979
34480,9851
733,333
3645,7890
36466,9267
2791,3634
18553,1548
25124,1091
26474,2939
21628,9630
5881,8693
8248,9557
9535,6313
2867,2674
4519,4233
25976,6671
22227,1624
1638,2645
165,9359
14897,3161
30861,3152
35303,8432
2730,7917
21402,5177
28864,8427
2854,8902
8723,5243
25649,3707
4543,2067
30980,8231
29506,745
8690,7905
27610,1752
21888,8130
16837,9701
2982,2786
36892,2952
9995,4382
6340,3673
35668,6977
3001,9465
12042,5486
4571,7610
32799,5289
1801,4057
24595,6212
26318,9249
35071,6642
10533,2160
10186,9504
17583,6888
31229,4402
32861,3447
8612,2205
32457,8388
9584,8025
11181,8563
13430,4743
19378,94
17865,8882
16031,3179
7560,3591
31855,9495
18362,652
14192,7834
17128,3805
24233,270
31050,2394
23896,2833
22470,1059
4579,4340
3633,9742
30238,9519
22872,1055
4556,2397
16810,918
23102,4387
24315,5089
27988,7587
14773,4331
17251,3162
19223,2548
23679,4206
21455,6948
12837,2603
17271,6500
14704,6067
25717,6759
3922,2449
11974,3902
18012,7270
29285,6850
22074,8575
19722,1890
33086,2903
31382,8114
30814,3556
624,4476
26585,5384
7123,9725
26341,7709
26307,8152
16818,4690
8477,8445
8986,3614
27135,9115
35208,3970
24482,5453
25889,2751
24896,969
32030,3229
9194,7858
251,2122
35741,9943
36050,2173
11474,2153
11839,9054
5172,2285
22464,4019
2255,5588
30829,8157
7616,3974
15637,5459
29070,3473
22479,5862
25969,3935
27237,8558
1157,8695
23814,9990
25962,2080
12990,7878
15724,6013
3220,3199
23021,8137
16305,9469
10890,556
23432,1672
29933,893
12957,921
22453,3184
22038,2679
28603,8380
24459,2313
3861,7679
15158,8247
12880,2208
8230,3035
35350,2452
22881,449
8821,4188
28680,138
25071,8668
15056,6701
6492,2997
28449,1515
7388,2756
6576,4509
12403,9382
30761,9191
22756,7935
4815,8800
618,4045
14207,5857
25573,5432
31023,8108
22827,1771
31763,2743
7822,2839
35798,4318
16418,6578
36739,2822
22008,4108
34176,1489
12654,6870
31735,7208
17089,3381
19705,250
29053,690
37109,1929
8094,8396
3928,9527
8324,5991
16201,5444
33955,2384
25156,7147
18353,1808
36518,4250
32355,7131
15874,6139
6882,7582
21021,4799
8292,3561
35827,4294
28877,1681
8054,9478
26709,7942
12131,6844
4448,1414
37245,6427
18579,1927
18798,165
1043,153
14788,320
22548,4692
29332,1524
2111,546
2541,5636
4449,5450
4580,3065
16084,8828
13664,5737
7780,7163
31400,670
10660,1489
12850,3979
10235,2654
26186,2368
21738,9705
31998,7289
2275,610
12184,7970
9464,5952
34402,8442
34258,3210
4855,7805
13469,1544
5742,4416
34179,9298
33936,6848
26894,5056
3619,599
27113,6559
35163,2786
35696,8507
19458,8662
12754,8824
26344,2664
1045,3055
2858,8017
20784,7334
26703,8759
28271,4332
17906,918
5683,7825
10926,8937
17867,3206
311,7786
4430,9903
26453,9111
1681,1900
16747,159
4217,7037
23861,9740
6679,2379
13692,9740
5199,3962
7091,8541
8372,8688
11641,5817
35671,472
3826,9236
35888,2565
20136,189
13862,4805
14075,4714
16700,5825
30588,9507
16847,3073
24184,900
23297,1114
29400,5416
22411,9132
18970,634
24790,3577
16614,8429
28301,5536
4202,7308
13837,1713
12690,6386
25847,4541
33816,8033
26088,6020
36273,6937
34814,4685
27738,6
31304,9189
23985,3483
8119,1311
9061,537
34388,4592
34616,5612
30862,4297
116,4079
24138,4763
32870,5593
8537,6793
8406,2925
29401,3975
14495,4118
5018,8948
24630,6450
27736,8142
25702,1102
29972,9868
8122,444
36272,8577
30321,485
4850,7124
12347,7318
28873,83
17082,3349
11070,5358
18674,8706
31436,6960
9093,2336
3643,6880
6219,4620
22521,944
25936,1997
35342,8698
3049,6464
18270,890
16176,162
1959,5269
15433,1188
18113,1142
9975,5515
30434,544
36545,9136
14068,2908
28689,179
27695,3829
20285,8039
28291,1044
24672,6540
31253,2776
37153,4838
33930,155
8082,90
23374,579
19533,4890
29610,3864
11229,9722
35832,6936
36367,7743
3252,8831
6860,3172
31764,9743
25434,398
36976,9912
25627,5112
14197,2910
10393,6857
13401,3931
11749,1729
25346,5444
23160,6643
8375,5990
29109,2820
28078,8740
10765,3940
19374,5014
26477,2210
19279,644
33693,2346
22121,7647
13253,1350
33486,2599
34514,4770
19083,8191
18420,4566
18494,8124
5467,9521
8713,5601
10609,2667
1793,6489
36600,5892
2761,9057
7781,2188
21561,5076
29607,1482
5484,3574
24759,9300
5883,9872
1761,5072
33308,7574
30948,2892
20821,3115
19897,3870
27604,3196
35510,2826
18501,3512
13424,4019
20083,7428
18069,9484
22155,1850
4520,3970
19012,9949
5343,6395
31713,7394
200,3838
13949,8338
20917,6200
21895,935
396,5836
22309,3760
10646,6230
36306,9757
34916,4762
36574,4806
12922,9795
37209,6213
13685,4138
4401,8621
977,3696
14018,2616
9561,302
8350,6531
32427,3722
32610,2930
15869,1983
10801,329
13312,8799
20301,9655
6904,9585
28583,1009
369,7997
5286,7466
4528,7202
3589,4201
12629,3017
26743,3975
17876,6020
2348,3177
3388,3803
12617,4581
6426,4003
36605,7452
22204,2207
6272,8851
11623,5672
6267,7348
6839,7249
21626,9434
36700,3809
15319,2892
10868,1222
19009,726
32349,9794
30236,5765
21611,4646
27745,9859
8151,1450
27324,6173
23037,5939
20302,5295
5770,9885
1536,7517
34835,8543
34015,1477
30153,216
32500,6737
8206,1089
697,2031
30889,8313
17244,8414
29446,5637
35106,9394
34029,108
30969,3769
1288,717
12613,1249
36697,3260
19217,2146
36040,1236
21207,1056
29564,131
25016,3208
20741,3000
5686,6209
36014,4922
12037,9388
24891,2887
2357,8358
12477,5195
23753,8202
22855,5289
17624,4397
19110,8041
14913,124
26647,3110
14979,6949
12585,9305
5582,663
17246,7876
2182,9682
1717,4498
34486,6214
19120,952
2754,475
15297,2821
7945,804
3855,2664
6194,425
33607,3154
3077,85
29871,5623
12092,6715
480,7943
11645,2697
26758,8520
15519,2719
8047,3688
26866,3567
19784,7770
15122,8452
18836,1120
9564,2020
21121,523
27757,9373
15968,2428
24146,477
14938,7367
9787,8995
25443,9930
11570,3964
36863,2544
28438,5559
33531,8029
26437,2997
32428,6027
20573,154
4653,5859
19718,8334
13351,7634
35192,1296
1594,5906
21790,895
5160,2302
29178,2239
4351,2611
36366,2213
22751,1333
19863,57
26621,3315
22526,7378
9363,4866
27925,6328
7768,2645
13484,2970
9311,1789
6390,5708
36225,4884
8745,3098
29230,5879
12423,1379
16591,7656
2592,5681
14478,1175
34695,7561
29550,5798
11667,1018
29751,8117
14424,5058
13013,8500
15432,6354
2525,756
31267,4173
35988,9447
24872,6937
21482,6246
13577,3797
23773,9629
14386,3483
27294,7517
19331,581
26969,7226
19973,4012
1771,8765
19822,1271
31799,1898
1496,1728
29895,410
14757,4498
11677,7814
14125,9504
18416,8580
19661,2650
26695,8381
6824,3944
21161,4250
3025,6778
35430,5657
14664,9081
29435,3313
27442,7702
12689,7287
2561,756
16828,6866
18273,1887
17762,4284
11204,7599
11176,6016
33855,775
20394,1997
86,1267
10365,6546
22810,8326
3219,7183
36336,8475
17382,2817
19470,9170
25636,6172
34579,9646
36557,4823
18631,4360
24380,8400
30393,2422
3425,9895
13158,7294
22343,7852
31255,9010
279,8503
13659,5518
29164,7901
5991,1925
24196,2447
24788,8476
29915,6598
17917,131
2300,7033
31402,2484
31057,4760
24106,7947
15117,909
1703,9556
10927,9920
12441,5618
14121,584
7193,8841
32211,8337
10632,9367
23081,6085
3105,5843
31977,4503
19392,8613
16051,9882
17544,6086
25952,3432
34969,4138
23774,6054
11547,6133
34661,278
1758,8810
31926,9136
18863,6891
31002,3597
20846,2029
35104,4989
10642,9316
2299,2158
11489,1826
16902,531
9146,6020
34224,5786
15656,8100
31125,446
13954,1929
17960,9217
1575,9162
25664,897
15137,1063
2229,4229
12604,8674
18355,557
6346,6401
22065,3667
13108,2311
4750,3529
5875,2192
15490,728
26095,8947
1227,601
25749,7386
5910,4015
22212,8273
6528,5878
7497,3592
17113,6165
734,6216
20708,4816
31704,7036
31145,1456
19695,8952
16114,6214
7317,1775
25905,243
35200,9138
6521,5204
20814,3707
1433,2240
15143,3218
31892,907
4918,8262
261,3856
25268,8214
18243,7524
23114,4920
6912,6476
9317,2074
2296,2367
13052,5247
34656,3205
36383,1254
758,880
33974,7038
14074,5550
35663,4533
1483,220
36349,6214
22655,5604
36290,4762
27629,1502
16796,1231
22171,6052
34952,3924
31208,2260
3776,3424
22717,7813
3818,1558
18462,6227
22035,3235
36812,8282
1182,5691
31622,9956
217,8009
6053,6355
18993,7742
35892,4225
34357,1833
3525,1046
15286,2221
37080,4176
6245,8752
1147,7576
12858,4810
29225,8005
15112,7231
31096,2093
4650,4132
33683,722
20412,2425
12854,6179
5382,8096
28922,307
15215,999
16785,9003
13774,5294
34158,3207
25187,4255
18817,3229
30356,4557
14469,5890
18200,1435
26384,2103
27744,505
27487,6934
12480,2238
29787,9586
2907,5358
5100,9544
21761,8164
27522,8151
25157,4648
4867,8047
28104,5520
2342,2194
36610,4790
26896,1586
25742,1038
2231,8281
18184,8215
34900,4369
33483,120
23751,9677
17196,5646
23084,2402
28208,3228
7672,8861
20737,1151
17345,920
3115,2616
7555,4950
11076,9657
11714,9834
23601,2462
19687,9944
19401,7771
5697,3314
31830,151
2185,8161
8321,1937
28748,6265
8779,4691
35650,9792
32883,9008
28935,7741
31482,2874
22552,7491
4170,1077
28749,7813
33273,6297
6384,8065
18685,2592
1962,8324
34899,8054
31559,9867
11097,8463
35864,2157
3189,4440
21367,5204
24590,1593
20742,5461
22992,8536
9170,4579
2034,1000
26642,9533
16235,6155
34733,124
32527,7684
23076,4084
34867,1158
20441,9553
34953,5697
13365,386
16948,7214
17120,9367
12152,7517
13987,2969
37095,9345
32984,3468
20847,2704
33975,4197
36042,3831
22735,5426
31240,344
23401,1856
9816,5224
2071,1001
37074,1671
15046,6531
22627,8470
7565,6797
13933,1152
19712,1909
10517,8619
1339,4484
32976,6902
18558,162
35334,5347
34768,3207
22753,7846
8925,4238
30261,963
28941,5199
16596,5666
6000,9570
37042,4525
32643,6660
14791,4561
34716,5780
30333,2730
27623,7865
29773,7038
16915,6315
21786,1407
31032,295
20782,9897
10882,5588
26378,7832
22508,2136
30464,631
17457,4664
34400,3206
33907,7348
20280,2244
2857,2449
18924,4922
3594,8457
9550,4978
4253,3100
196,4144
34921,6230
32251,8473
27634,7866
14654,8469
25229,6629
6636,6443
5010,1735
25967,6778
17495,4300
25433,5209
36562,6936
32615,238
3615,3797
25194,548
15747,200
10722,6500
14843,2506
35158,9364
9758,2027
35556,5239
26735,5105
23058,4886
31761,3521
15794,4449
10989,2177
20146,4060
27739,1182
33479,2989
14304,5185
10146,4702
30780,6376
30192,1511
5857,4701
23640,4878
13943,9494
457,7624
36360,603
20785,3275
28634,5543
3068,3260
585,3874
21342,3561
35794,6915
31770,8530
14036,731
20383,4632
9469,3372
27337,4358
7306,1138
28493,4361
35124,7744
29990,407
13226,3553
13501,8673
16580,4712
12586,3941
25195,1995
5165,7332
13165,1396
19740,5625
29477,3161
33625,6970
14777,6667
9058,2252
2879,2263
21704,5981
13325,7538
9920,669
23568,9132
11993,9681
26274,2409
4193,7479
861,5742
22584,9023
36953,7647
4949,3486
37199,2994
27096,2426
7301,5560
14378,6038
5810,2715
9647,8553
15639,9322
14808,8116
12093,4329
19803,4137
4884,5873
27853,3835
32815,6846
1448,2473
1763,3992
33028,1698
11416,5671
17490,9523
35841,2997
19107,3141
17366,1498
1377,4743
32664,5590
29111,2547
5216,8065
11684,8065
21652,3076
23933,3474
14413,6725
16329,6116
12524,9449
5707,9058
8476,9017
35632,8929
16505,4632
30672,7713
14470,1473
8040,5890
32737,6919
35317,9518
4738,6020
28353,2830
7580,2106
17098,6714
36661,3225
31171,740
6049,286
23552,466
32959,2787
34552,6480
23612,3676
14564,3125
28303,3712
36457,1722
32601,8018
4305,3318
8341,1166
13557,803
35972,4229
32689,7067
9163,3543
3100,8370
35662,751
11890,512
18960,5321
22292,5280
26383,372
36712,512
8344,3099
13792,6740
2949,1376
17837,8197
30026,8662
15633,9836
32354,7332
35493,5309
14647,8814
19062,2654
29724,5625
5841,1348
29903,9943
28676,3579
7989,7752
2848,9168
12509,7405
10788,6549
28026,6153
3707,2483
27910,1854
19906,6422
15951,2745
35731,7812
11473,4012
20564,7371
25688,4575
3640,1102
37177,477
15652,3335
12792,4266
5916,1212
18137,5563
29460,9615
34352,1885
780,7006
31848,626
5513,8834
8277,2060
5987,9842
25409,4426
23517,4900
13316,9573
23972,1974
21212,7734
18696,3575
24498,7110
36723,1968
3732,7495
1318,9797
13252,6123
31936,8742
17072,8439
2676,2056
3705,7861
23463,1638
26701,969
35241,8888
11476,9413
31340,2420
35297,9550
28476,2284
20137,6351
30757,1564
2935,2029
2437,7881
11768,2377
8751,5413
35037,1729
23403,7682
8354,891
31355,7932
17329,5402
17160,2848
15441,662
30941,2887
2310,6702
12843,8292
31373,1425
33707,3571
31117,7891
17566,7579
25175,9156
34417,9736
29383,3973
21622,1292
22111,7088
4634,1515
20179,6198
7524,545
3673,5509
26371,925
19575,6967
6631,9522
7986,559
18918,9144
8132,3795
3226,3730
623,7371
15481,2032
18492,347
24875,1716
19812,9583
22046,6287
6813,9079
30602,4372
30186,222
21206,2694
25514,6478
26596,7677
26674,5248
27187,1681
10430,4000
34416,4752
1296,8822
29485,3851
28958,7538
22095,625
33344,3354
25438,6472
7861,3269
586,5996
16345,2540
23399,3729
25010,6454
3018,8812
11146,6531
3378,60
31366,9555
31119,8691
29219,1097
7870,1381
36556,1209
4040,1891
8383,5029
17663,4336
21739,3453
27992,2759
27242,5190
20216,8236
35627,8378
3488,1453
11487,2667
9448,8533
12027,2411
19792,544
7579,9471
10079,5228
8648,1378
1240,4697
11983,3442
36520,4530
12257,8854
5553,9580
18188,3905
26859,1191
32280,246
702,9170
33718,956
32709,7619
32940,8261
28969,3777
30525,7399
15211,9214
9333,1862
6187,7987
29691,724
7586,9757
19910,1981
16899,5905
7539,6489
11854,9606
2943,9374
6481,5270
7431,819
34596,3310
15430,4627
12981,8776
37157,8857
28808,4462
13519,6835
3986,8628
4421,7836
377,9733
7112,8474
14886,5176
11674,2797
1298,5067
19821,8394
22860,5071
23133,3056
28017,2596
13633,4785
26089,2012
7142,684
19327,3872
11128,6879
31829,3515
10508,750
19612,6964
27887,9319
22327,4009
33013,357
24110,2049
21289,1291
1034,6468
29357,4648
32734,6083
20521,8514
28586,6134
4034,8695
10791,1101
36491,7996
17468,7612
12063,5520
2001,8024
4292,4627
22510,8637
36323,1832
33213,7669
16697,9366
35279,749
17423,8971
22050,3355
6996,5134
33244,9303
31452,1308
12782,6506
23779,9339
4032,7873
14946,5523
26354,9767
4219,1053
6442,4206
31698,4809
34210,1054
32399,1182
1165,8993
344,8368
26766,6766
19495,6946
25787,4711
37005,5118
21232,5547
33617,6645
17499,1974
34897,5655
20623,4339
139,111
8901,6322
21366,7341
28443,9714
20091,1438
36869,9023
21124,5310
11843,6736
27837,436
21952,3115
35591,1469
6206,6271
12206,4537
16900,7652
31183,7949
32860,4258
5488,2157
5732,4211
7438,9167
13096,5667
32914,5427
19985,3916
9270,1490
32534,1167
21977,1934
22685,2679
6394,3789
19301,6983
12139,3697
26428,7114
24650,1803
3197,8718
20656,1831
1282,3812
30976,1613
16106,8143
6111,3204
23226,7909
1590,6964
18478,9856
31219,6675
1794,8264
13559,6311
36792,4105
10949,1233
31359,5215
13053,1299
12310,6926
10337,9317
16233,8074
4783,2478
30404,9442
21533,1840
20766,9205
35847,5874
36221,469
4636,1647
8568,3060
29616,893
25332,5104
19745,5279
33989,4443
1846,3610
4877,8260
28200,3259
18283,9867
27613,5093
19827,9659
3566,1593
6480,3647
13128,2077
35769,7070
4468,9472
30249,2638
10921,1142
36780,2894
32338,2053
7364,1240
16635,9299
6134,731
4045,8296
1736,2809
34161,3135
119,4542
2960,1036
25111,3471
31536,4047
18368,6962
17937,5894
25234,5237
4981,5679
20507,5209
3780,3268
2041,5007
29834,5527
12138,4844
27205,9819
21600,5577
20287,3248
17746,6224
24925,8834
34266,4177
2117,9743
7745,5343
10580,6150
4009,1190
31595,7413
36347,4131
1197,737
36111,8146
10656,9620
1668,7269
5640,8863
25508,1512
14858,7701
33664,7355
24237,3762
27651,6761
23615,2525
517,4006
6388,3902
23715,267
16716,3740
7984,5116
25483,3741
28212,9163
17250,8528
30358,397
17873,8976
24580,5464
11011,8231
28149,6944
20807,2132
1072,3811
12357,6283
26767,7344
1275,2217
25499,7385
26571,8583
827,9532
29496,2223
28420,4864
31762,5037
26154,5956
23732,7951
10854,3376
6048,9771
23879,2854
33147,7223
18759,8673
34149,8415
4308,5841
15069,8753
4707,6265
1930,1277
4265,2994
7779,1507
32275,7854
2744,7099
28565,6511
13849,2049
18399,4339
640,550
29011,7981
13594,9701
16822,1544
3564,3134
1456,2677
20326,9337
26045,3237
26184,5477
512,5949
31694,4452
20638,8391
25224,6584
12474,3370
18912,267
28569,7315
28683,5801
29857,7583
20325,3795
8304,4153
18865,3844
32668,1716
13842,9165
22265,6016
2158,1251
20667,6691
9831,9710
7191,7570
15175,5056
241,1530
29627,2703
31160,2545
374,7353
32028,1334
22460,819
24857,1168
26379,888
9238,5377
32282,9738
22114,3757
20233,3794
18455,7658
26175,8363
5455,5368
4672,4939
2638,4417
7679,4448
16397,2452
17664,8232
25026,2802
27953,4482
23045,6772
5115,3456
27700,1840
14778,4807
22618,438
15289,9206
11243,4353
25529,7303
29146,9129
3840,2558
30749,9733
35472,5152
22896,1926
6526,5619
5183,2795
8480,9409
2362,9710
9302,5738
25354,924
26359,29
32029,9654
24339,9058
26825,4758
14695,9307
35768,9228
32624,7326
27109,6819
1000,4364
17455,152
15746,7100
7589,3724
7573,5348
33366,8988
27029,8596
902,4413
4639,6194
3208,5885
31520,5683
33321,8132
30032,5038
13197,8188
10814,4689
26138,7690
19573,4975
16401,9400
20610,6080
4347,379
20833,9077
12195,6015
30442,678
2304,1446
11734,9768
23678,725
26204,6161
4970,2366
6965,1752
3396,3307
34073,9236
5809,9176
34627,708
18652,4684
26150,2925
16071,6718
24147,3266
18779,5500
19460,3440
20292,9139
12157,4203
34838,8993
17415,3763
24038,8997
15681,4404
36505,7833
5687,911
2095,3112
23001,8417
27531,2100
30868,2601
13999,9262
16942,7736
10501,1849
952,317
2578,9830
30521,7063
33306,1969
35177,7126
28006,1160
4968,560
13048,4075
20062,883
22397,3772
32296,6994
25440,2883
4630,2522
1662,2314
8765,1123
34309,3802
3979,6463
341,8184
33791,1031
10311,2700
10665,1604
18036,2556
15910,5075
26320,511
10761,6830
2900,6716
19802,3234
27344,325
9383,799
21422,3094
35619,654
19133,3415
6897,3873
9929,9670
8591,9463
18810,5290
34934,8486
19452,213
33491,5493
19875,855
37023,565
31431,4771
23550,3686
31047,9289
17052,9870
3833,8854
26156,2371
26353,147
11558,521
27074,9618
26023,1942
29393,8577
23707,2249
18484,3940
12273,9859
36771,4871
4160,7410
1520,2256
27981,1680
1243,5479
23038,9994
1555,7868
25298,5409
6425,9760
24072,9135
19316,4000
6186,2947
8686,5402
21581,8291
27520,9182
17268,4855
27928,7147
7880,6683
36590,669
1889,5244
1114,5669
21512,1610
8478,7582
18927,5661
17284,6897
28867,1671
26828,6161
3930,4844
21355,7226
36389,9856
15266,6850
3725,5887
9116,4196
33121,7623
28596,637
1871,4381
3451,2957
14709,9477
18153,635
18515,66
26197,1659
25894,369
7178,2068
17777,8999
28196,3925
3315,8380
15071,5199
8090,3868
26891,485
25055,2032
30655,6248
12104,4062
16993,2934
19137,5883
15978,7303
28910,6159
20772,4518
22020,8522
36439,6097
35598,7317
12778,7260
27680,3655
34986,7893
6948,2918
25694,5840
29198,9053
23661,9194
4152,8302
32575,110
9037,1773
35568,288
26748,1626
24141,8299
10389,5589
5026,1302
18884,5771
29182,4343
13762,9883
10378,5803
15016,8755
18194,4984
18795,1867
5215,3102
14285,178
7033,7581
18114,5574
12728,5347
18701,7314
33413,4574
22454,2804
9303,4488
15102,1787
3067,8705
2142,570
21160,2585
17977,1890
25509,3659
35986,2362
24718,5305
8237,3111
20523,4512
3418,1421
5292,628
34,9178
20477,8763
36788,3693
3847,5376
33575,937
25908,1179
10772,8147
35286,6902
29022,2780
35000,3173
18326,7333
8592,5818
22160,3740
7277,1095
20928,467
24998,240
18712,3888
23737,9995
8322,8072
17792,433
2965,942
29996,6047
8824,468
991,8163
6354,1838
30310,3921
3799,294
18906,3646
19140,7868
10843,224
2312,2273
21830,9354
29603,4847
28627,8902
16921,6475
22478,9543
17439,9612
34336,5517
9060,1894
27284,537
36114,1426
34724,6204
29760,7715
18893,8962
499,8452
18364,7400
18314,4837
16196,5099
30085,8896
36982,4619
1305,4966
5327,4762
1347,8151
36303,9811
1981,3181
9009,1227
16913,2387
12208,4867
6626,4277
28533,7669
13144,9741
13363,1841
13701,5047
34302,2497
28232,9250
4241,5015
5384,9681
16231,5095
34751,186
23946,3550
29635,7275
27366,4154
14421,8966
18648,5263
26948,5696
26196,9633
26180,8631
24927,6948
8487,2661
28436,9139
19205,6082
11436,925
16495,1583
11444,2411
28428,8813
4851,2435
25764,2103
15395,369
23311,4840
8845,3630
14720,6791
30172,5816
14100,858
3882,1791
29444,5864
3792,4351
33567,2399
13738,9338
34606,6051
36714,7815
15497,3523
25655,8817
18379,9003
14268,3352
25339,4088
6808,4221
30842,2553
20385,6494
17356,8592
10231,1823
26491,2418
538,2736
6926,1348
13748,1594
32261,5942
30804,7095
1991,5888
28107,6237
16030,4841
1029,8780
10696,3008
5360,8076
9222,6279
32917,9936
22512,688
15431,6797
3242,847
21148,702
21480,7925
25513,2486
4589,4628
25317,3704
24609,9157
36064,5634
18026,1778
33091,484
6456,3128
28526,255
13953,4546
21872,10
30939,891
34507,9757
21157,3533
6400,330
13681,2535
13150,2963
17125,7867
2799,3338
32655,1157
4237,1171
34933,9312
15686,9255
27737,8868
31453,2083
2008,7938
35559,49
14326,9782
4471,2268
9165,8940
18490,1949
8211,8240
14931,1018
7346,8913
7729,5755
14977,5069
7324,838
30927,1786
24994,8009
33544,4744
8170,9720
11935,7441
29916,1643
23237,3737
28004,9938
1092,2087
18457,5139
22642,7711
2168,7491
21898,9340
1033,1095
1856,36
30506,1445
21992,3263
3697,858
8866,6571
6379,5689
15555,4586
30284,30
33514,8807
27248,6755
23775,1193
20840,7600
4569,9444
24500,5163
5746,6216
1078,2895
9068,4792
8023,6431
23894,6755
1183,1675
9451,8432
5662,135
10959,4104
1788,7681
16332,728
25418,2297
30216,1212
7525,1549
34436,1894
20335,94
9932,6508
7678,852
26718,7901
15232,5446
6746,1105
30864,1703
24928,2193
21681,2139
12142,8559
34798,3919
2286,4932
18597,8550
24126,1200
9842,7239
21051,4661
19499,8207
19763,4878
16951,6333
6675,9707
24211,3001
6482,2066
12230,7751
9366,1407
25944,8561
7231,3078
20813,8628
32492,4838
25435,3938
7800,1638
748,106
35940,6921
13075,7849
7881,6082
2138,8292
2119,8893
11270,3613
7325,7538
15468,4754
26406,3236
2617,7261
18415,5907
13922,7559
20429,3844
29361,817
18933,6344
14445,561
516,5905
30031,6576
14483,3701
26239,5540
30893,8382
11682,2343
11275,1969
3349,4068
30256,5107
15009,8658
9392,2071
6169,9214
32475,351
4955,5255
12421,1465
14964,6717
34038,7988
34840,7512
28591,6883
31938,5173
7122,2321
33172,3857
28136,9360
2752,526
28363,2460
23251,4808
509,4023
27916,8915
10779,5930
13405,7026
14602,6856
15771,8921
6760,7245
17636,8903
12784,6443
8439,6114
27870,3071
25349,6503
34217,8153
24391,5155
34513,5848
447,7645
7625,9106
3386,6026
16216,4273
8362,8039
18619,7197
2974,1945
34536,9759
33035,8476
31847,1017
28517,24
25882,2772
4156,1818
23224,6052
32897,6868
20322,8484
7685,6435
24438,5309
18180,5984
25485,3412
15661,1044
8610,5562
16917,6536
12630,2337
11472,252
17678,4633
6237,1110
27560,6615
2344,9777
34815,3723
22390,2340
4280,9825
35396,1388
19691,6386
26127,5947
1048,5984
31908,4668
7955,608
1513,2308
1118,3083
8156,8181
20433,6430
13070,2138
26991,2050
4420,8870
28102,6902
24317,6323
7462,5720
17079,2340
31499,7581
655,7762
266,8027
7845,4094
8310,3676
6524,5723
1397,7812
361,330
13086,6738
8101,8369
15778,5299
23318,5564
23505,1806
1396,8759
27035,687
21936,1165
19525,4055
24076,6965
35860,6916
8388,9100
14927,8245
33608,8195
18764,352
6879,7707
1696,2014
2346,3808
11237,8399
36113,4888
36791,4303
30681,6352
34067,2016
4506,4588
13638,4781
7024,1171
29391,7629
18458,5328
30910,5102
12594,1464
29089,9334
32267,2841
22198,1062
20962,6578
32603,7541
14698,8094
20182,8225
9976,6447
25524,9796
14976,7481
17912,8133
16851,1102
16362,839
24505,6206
18821,4755
26673,4618
33211,6633
596,2457
32127,1973
11693,3094
27441,8385
33645,629
31701,8768
15488,2907
20512,2595
12532,2013
15755,8344
6484,1294
5174,6760
7174,178
18947,7055
15291,9125
6542,8194
11335,4598
30311,4743
18479,8239
32718,2124
26047,4216
23556,7378
4689,3555
27517,4595
25021,1507
2683,5970
12456,3359
10465,4369
12829,853
30338,4333
33516,4006
32383,4740
20510,943
3954,9452
1815,4670
19688,4777
16906,4332
4810,9784
33705,8204
8510,3026
20048,7605
14749,8149
25007,9942
16757,6032
11388,6768
24091,8281
919,5456
36920,7261
1905,369
18726,8981
5975,2132
35161,3043
23794,413
14221,9080
6821,7053
14360,2504
21802,8056
27792,3447
6282,4186
28866,966
23947,6036
31901,6604
2955,2617
6224,5666
29882,5896
20073,7516
24536,9369
13555,3455
16153,3111
17882,5564
16338,7395
6633,5619
26922,8336
30326,7814
23107,6455
34530,2981
34893,3435
491,3253
2825,5972
28530,2215
20613,7181
36322,2688
26467,488
7411,9872
34516,7847
26084,8294
20227,6269
21968,133
31298,7273
9598,1087
14006,252
1412,3439
15337,8835
26414,6858
19884,4755
36351,3958
1323,6989
25690,147
92,7184
21276,4034
22798,5466
13215,7419
25481,9588
33051,6220
9331,5906
3850,7910
4824,7433
7974,7940
16429,3223
12372,6950
36501,6001
14782,9335
37016,6807
8542,3657
17315,1960
1133,7809
27161,1530
25661,1651
20788,3616
25990,7377
30963,2515
7028,9410
4157,2186
10299,8445
8856,5825
28160,9510
26380,3054
4667,8057
9682,771
9042,3480
8285,3726
9723,2924
34944,565
21893,8108
9786,6756
7201,9398
6418,2308
33116,8719
33945,8045
16366,3473
32288,7850
17979,2336
3035,4897
1423,6007
15274,4729
30944,5260
28595,150
20589,9544
10203,6292
13705,5111
30843,6577
19845,8443
14607,9967
16328,9491
22279,4662
31557,7842
26730,6311
25347,1480
29003,4989
37214,7414
53,4857
3160,2609
34221,4763
13471,5197
26065,5839
2004,1052
963,8016
24330,1117
23050,6731
20894,406
28724,4925
36058,5639
33427,207
8742,2467
310,285
22932,7246
9826,9462
7250,3396
1247,5436
31206,3005
18965,579
12320,2259
2731,8692
33717,3666
8634,7217
9985,1904
19865,6452
27900,4730
35474,9449
31235,4738
28737,8357
26245,6136
10714,1305
9353,9946
34279,788
21005,9588
10484,2855
6415,2604
2969,4713
3038,4259
32415,5442
24216,4508
5598,3955
36348,5988
27787,8427
21186,5027
24551,2871
15803,7457
27363,7454
19496,4030
18216,475
21658,5301
35328,3226
4140,9789
15912,6123
7920,7274
22780,8589
19780,3989
34712,1740
33000,2956
756,944
9057,8384
35807,8079
5751,130
23971,3624
6024,5405
19313,2494
5654,9745
31949,6715
5532,507
28238,5749
5638,2283
35817,4725
29169,56
4335,9811
25308,2804
36429,9358
11121,502
18532,1953
25989,5144
17828,6323
28548,6139
17975,94
2236,2585
14441,5489
26740,3670
17571,1911
32518,7280
2150,4360
9633,5892
28261,1080
14115,691
28224,7365
34335,1432
14131,2277
17961,2583
34957,8335
28475,9489
22815,3823
18750,4081
1131,4391
10084,2081
35236,8764
20699,8188
28991,1868
14658,7577
27678,8913
742,1569
11792,3382
15444,7882
35149,9904
21810,5005
21027,5879
36004,4318
5936,5197
19497,8470
5705,2121
593,9263
3761,6250
36345,6781
873,3109
35715,3600
36765,9874
334,9191
216,2678
16990,2702
25149,1644
36878,960
17968,2208
12904,2202
35176,1596
34404,7375
12946,4168
24727,6436
21226,1777
31491,9158
3578,5849
13726,2101
31603,5176
11597,9376
20911,3920
24985,9806
23996,5234
16657,7099
12701,4835
19832,1120
2571,322
27968,7531
130,3703
22408,323
12554,6188
8037,3528
24763,6570
29261,3675
2726,5963
15281,1213
18078,346
28306,4036
20295,7928
34119,7791
2834,2226
17843,5777
25644,8197
24243,3573
29199,5016
25243,4413
9606,7544
28417,6145
24023,3132
18340,3778
19152,2815
5567,5449
23405,3544
12492,8503
35947,971
12341,7627
29652,6085
15709,517
12608,7350
30021,830
10290,271
35745,843
30065,8627
4020,928
19527,268
20253,4540
14301,1212
464,7605
4518,1097
20681,1957
5179,6300
16085,6477
35580,6006
20318,7047
24806,6279
13130,1626
682,6925
20444,5086
8978,3525
21368,5793
21307,5623
27033,3047
9536,7561
6281,5561
25432,1220
9021,3034
20334,6396
31590,6961
31738,7387
27030,828
24591,4191
26936,2375
20675,2375
16416,218
11527,2576
8867,9243
32841,9464
20361,6133
35589,4397
33528,8501
5434,5840
8394,6177
18823,9789
31326,463
26077,1573
16171,9015
30945,3705
25768,8107
6994,7250
5346,3415
866,3625
479,4196
17780,1692
13617,1947
26953,3305
27453,6547
10070,2214
34377,1367
27292,9003
5478,2760
13899,2429
28849,9729
28860,3939
34984,3349
25733,7520
11900,4117
30324,8794
27603,8711
1139,679
7119,8379
19081,5407
23469,7920
2174,6721
21044,7086
35868,7141
26044,2290
5843,938
33148,9051
26761,1167
664,7958
14754,5218
2746,7794
21528,838
31547,36
4455,6001
2564,6428
37143,9238
27866,7222
1738,4014
26662,2012
4756,5609
7594,2143
11483,3885
36070,6205
34959,3054
34604,9645
22985,4168
16248,9333
30197,5948
30421,713
28558,6040
22285,6652
19598,8969
3013,912
3653,1459
12609,8098
19839,6359
7817,8551
29732,554
3893,9071
25037,4527
31495,9075
26054,4087
14237,1598
5068,7938
33856,55
14061,5359
21078,5638
8021,6668
32756,3992
15428,3816
34721,2300
35550,7679
24242,7812
7020,3782
18534,4405
23836,5891
35376,9723
8339,3961
21553,3797
26057,8764
30736,4836
19248,6454
32672,5148
12266,3378
32490,727
10388,7023
12354,8665
18021,1269
31059,3883
28585,2724
1166,9896
11605,8220
9928,7980
18638,4758
30819,9475
25340,4933
23990,5000
33715,7512
3248,6875
26294,6107
14597,1565
18251,0
24271,1957
20603,419
31877,3003
4128,2002
12624,8473
34472,8077
28604,7447
980,5103
36737,7900
12465,6669
24524,4584
36071,4544
22888,6395
34713,7767
9897,6620
36899,7668
33394,7186
3058,1754
9162,6965
30073,4779
12619,3918
14474,6445
32696,7957
25872,274
31836,9064
29066,8584
35963,6292
27193,8473
3445,6805
28413,4656
25233,2793
10709,7679
5466,1554
21290,2111
33201,6637
9498,8604
17224,2492
24353,4824
9548,2422
30752,2138
27722,8630
26247,667
36121,6506
13069,3951
25699,9997
790,6208
33200,1564
9064,6854
1904,3643
10752,1086
22843,7604
28882,4896
1442,6373
6515,5893
32488,5267
11506,8477
30511,2566
25180,7417
13610,8009
33963,7329
3282,4622
20019,6168
5570,9273
12945,6065
17163,9330
1884,8774
29677,3468
14154,9054
17854,8193
3507,410
34403,4364
36402,6773
33233,1510
22364,8503
33527,1449
23941,2714
24112,4582
10166,6501
12659,5946
3842,989
14748,7917
29335,6622
19647,6393
7266,5090
18784,2731
24960,9567
8891,774
31970,4105
19148,8020
13831,4898
3662,156
21098,9861
15644,2105
10732,2959
13364,4131
4107,207
19136,8172
3703,1406
1631,6561
2876,3447
6865,7125
890,8512
4322,111
15421,8301
21840,4348
11107,4012
15947,1147
15785,370
35631,4177
21707,2168
21863,4095
12414,3793
6868,1012
30487,1822
18209,7931
13059,3860
4751,1676
29704,5210
12214,8658
12216,2842
10331,819
15849,3333
28223,210
19580,4352
27129,5505
22296,2767
6478,8637
12548,6346
25965,1071
7651,7756
821,4306
17481,1950
15998,2971
19893,9150
33505,3779
17936,2225
7468,7166
28385,4825
18583,6023
12179,909
18937,4175
19602,3599
5838,2705
35021,9333
5034,760
12573,6094
24802,7807
30726,9186
35190,2019
4605,6899
13433,9300
17645,1489
17919,6261
11849,7050
35382,9195
9838,908
34253,3992
35097,6223
29923,27
11052,5801
10115,3012
26516,4601
8975,7236
29919,3056
12776,7141
23203,9566
20087,4527
25617,2563
6978,1644
21115,2190
11778,462
4419,4482
31715,9547
3806,4619
5373,2331
24893,2900
11165,2103
19609,3003
3493,7280
19085,8385
25773,9616
31905,9415
16341,6454
775,9585
11206,8330
26803,1242
18275,2580
25260,5716
33336,3746
31611,998
21242,6352
657,1460
3091,3853
9263,7373
35389,5616
17406,9477
579,7542
7753,8077
10575,7552
4214,6075
17147,3301
5331,5830
1723,2911
24799,3117
29462,55
29370,1151
30122,8387
24906,1428
12571,2646
11056,8547
25578,8783
10016,5483
35194,6651
36455,8438
3177,1101
17227,1773
35978,2203
4985,8966
7574,1442
12890,8515
19431,7904
9801,2089
17461,9873
20401,9591
22595,5814
19550,8458
9152,3192
37081,1994
22261,9282
5610,6872
4740,6215
1229,6187
28070,1261
2294,537
35446,7247
16797,1571
24748,7457
35523,4622
26895,4522
19284,2716
7563,9786
13781,7681
17698,9506
37039,2524
35423,75
16868,7172
29676,3787
19329,6846
36217,5465
30680,8388
32348,5028
14233,7923
34095,6304
25724,5031
21069,7217
631,8715
9724,3213
12377,4612
2856,1618
32013,6566
17003,698
29767,3438
2767,2401
8889,8583
31726,5701
16671,5804
33298,7417
625,5524
11288,7833
23090,5157
9358,1930
8442,7268
5457,5111
5394,4176
32911,4479
7886,2143
23314,2396
27486,5452
37055,8185
13477,1121
5078,3617
32151,9513
1530,6607
29588,8165
2929,7984
6493,7517
26456,1532
35115,6893
8385,957
31339,5630
9545,1537
20005,9033
9767,1021
3438,6
23738,9982
5211,6141
29529,417
18637,4176
6650,719
34041,7477
6112,5667
10999,9809
4844,2656
22107,5662
29729,8894
8239,827
33106,4629
32611,3647
8474,5981
4108,2788
17649,2423
17984,63
27432,4513
12162,7646
13360,9548
23770,4815
32621,290
387,2941
22298,9003
2097,1462
14653,1835
30108,2928
12325,3442
34340,5816
7289,8627
27321,3647
29143,751
29183,7201
11898,3502
9062,6893
5864,7037
37099,9226
32630,1603
1338,9414
21218,9223
18386,1386
35748,8762
11757,982
34165,1943
26656,9575
17581,5452
21916,6414
23407,8810
7049,775
29659,721
28917,5640
10593,7393
11812,5294
1441,9025
3434,7539
14981,5059
11968,7438
27426,3156
28066,6287
18769,5449
6043,2660
34966,9271
2360,2865
6925,5486
5030,6252
13561,3422
7722,4204
33475,1925
21860,8119
33941,3060
3375,7460
33981,1090
11550,5612
22562,6395
5824,3992
1146,5938
29002,8753
19299,215
19312,1239
25271,4095
14262,6902
22539,6902
30068,8474
16735,7451
5114,9655
28265,8033
14989,325
18090,1635
8960,5082
26192,3962
14933,4333
26792,9036
36886,3359
4990,4171
37192,1578
20458,9556
25594,7457
28672,7291
23759,9848
17775,2578
33223,9291
27692,4781
12405,904
25912,1336
36797,5314
6262,2340
23435,168
29846,8265
24218,8641
19617,1663
7665,3783
30518,9667
30086,9280
35955,273
21723,9142
13038,648
36010,1978
4705,2261
17281,4507
15091,1004
20076,6356
20088,360
31383,6202
7481,5812
6193,4369
13940,5956
5186,8705
16145,1078
23273,558
28876,9135
31198,6811
20007,8191
13924,9251
31450,3170
10062,766
4562,2235
22442,3013
14612,6937
6361,1986
8668,89
28879,6157
24481,7707
13199,1083
26178,3642
27489,1761
2958,7217
24493,4112
30960,6520
6197,2629
29266,9940
32592,230
5548,6996
17840,8012
35294,7111
20198,8827
3915,9215
24273,1396
10803,5245
22806,6851
2697,9500
21308,7964
16408,5907
14601,7735
23008,932
18949,8387
11807,1087
34651,8210
20635,2461
21362,424
5821,6865
4028,5236
459,1212
24155,9777
15553,5232
31711,7566
34581,420
3082,7119
16623,2334
14355,1178
24303,8209
2153,9576
7724,1202
6014,3978
13693,4942
25629,4073
3508,8262
13370,1055
5814,4000
1866,7479
17055,7077
28616,3065
8618,2757
36423,7500
10925,4104
33775,1429
11710,66
3353,9758
3202,7055
1149,2156
14875,4517
35491,3151
24186,7859
4384,5409
21593,7951
1385,3749
18126,6705
27648,279
18843,8950
18609,184
12903,3701
21822,8183
4203,1182
816,8072
15894,1366
20496,1020
35739,7489
31364,9268
22729,9350
27567,8098
5195,2439
32325,5608
14044,275
30968,4461
31130,2388
19646,6142
22289,8906
22851,2601
21551,3413
26036,8548
29982,6425
19292,5389
3592,773
10906,9916
10182,9849
26443,9801
15922,6305
34705,1462
21315,5212
11568,3522
35264,3268
14584,7993
21036,8521
36001,2928
24039,7758
3119,6773
15469,1899
29626,6412
10676,4140
26774,6787
16699,6116
23100,6057
36297,9395
1143,1847
6736,4511
2320,3291
12234,1251
18104,9086
7898,3727
3122,6014
10628,6954
15017,1960
22919,2314
23174,5898
27934,1830
12440,2857
4771,1558
36110,3554
32545,3784
2087,3538
19577,3464
12551,7534
31909,9410
936,8929
37121,7516
673,645
19020,8591
31089,1694
20816,3260
36458,7256
22716,3622
19245,5600
16953,4035
24101,2981
14763,7379
17537,7956
8475,1052
10904,3495
13574,5657
12600,1118
20042,9562
33317,8002
29292,7142
33831,8094
5348,5679
6319,972
20907,3179
34238,1225
26590,8939
4974,5005
4346,5277
6956,8829
26522,2696
9565,9114
30441,4866
9044,4684
11976,8417
27296,9879
32541,8323
4825,4220
5388,8459
8909,3349
36766,7172
8317,2682
35575,9429
7638,2243
25087,7265
6424,6356
31147,8362
7402,325
12387,8831
36240,9039
16826,9121
9169,5392
31081,9989
6769,1776
4047,4499
28105,9584
30069,7280
8225,1304
36719,3102
23766,4456
21578,1966
3230,4392
25106,7134
8165,7351
26593,5830
3852,9747
15974,391
23680,371
26885,8300
30331,2407
33879,5381
6081,6017
31444,2387
16518,5696
35933,4839
10610,6296
30439,1331
21086,5545
13475,9707
24175,9022
3611,9234
26915,9162
14077,8665
23917,3639
3876,5622
15370,802
29211,2705
462,1194
31082,2824
36629,1857
16190,9024
10045,4333
33131,2889
18650,4507
17126,7564
738,8874
33329,8806
11557,1207
7949,6488
4984,2831
22946,802
25959,7713
35943,7539
28192,6650
18380,6123
7403,9797
12745,2085
23689,3872
32554,9076
10229,4895
12596,3359
10036,3623
35982,399
21314,4326
4246,4718
22873,4238
26305,8863
2012,3935
2363,607
10476,8291
23428,3049
21971,6843
12558,6274
3362,9695
35811,3723
15875,3059
28374,165
14337,7655
33954,9509
14794,6335
15243,7028
28640,354
30365,3009
35646,8276
6747,6654
29454,3837
13192,2538
1281,1522
11829,1883
1163,4946
17808,39
31809,6250
1061,3447
36312,1803
7785,6461
1599,2652
2954,4595
26264,8279
21775,4621
21096,2218
4523,5183
10829,3188
14589,5281
26034,9694
8057,3541
25707,6662
6,8842
23670,580
3272,3274
23,9618
9778,6287
6432,2295
14789,6528
5925,3680
36461,7528
1503,7720
12623,9529
17986,350
12209,7751
29262,7593
23158,6703
14453,7322
37200,3987
28166,3054
1698,6607
34378,1238
34074,8831
29520,9375
5304,2750
24768,7290
30400,9432
35806,8715
27957,5409
18465,6667
17394,4877
29527,7163
22632,1494
25304,7110
14813,9238
17972,5779
7204,4611
25461,8223
11681,153
5086,6803
2932,4587
16823,8331
12469,7420
6874,9609
7792,8035
21693,6081
21570,3448
34645,9698
10657,2883
2240,5113
17317,6367
1255,233
380,9399
17020,3408
23688,3880
1108,4646
30626,7023
32230,3889
27402,9046
36292,6505
33765,4116
28968,1814
1512,2310
26699,2252
17559,3807
11393,9629
14637,6554
6899,4922
35112,1241
12660,3223
32895,4455
28100,7438
31068,8911
11751,6500
22899,5267
12833,8481
6580,1976
11813,9002
19570,6113
35711,5030
5754,385
3406,8292
20544,2142
29599,6387
29423,8283
33382,1801
23968,7082
7375,4737
22224,2462
34155,799
33442,6479
8829,1549
22147,9322
22481,6770
27763,6091
844,524
14954,5765
12973,4972
12508,3365
24479,6684
35665,8256
7701,858
22877,1090
22351,2628
29839,5438
10423,7652
18307,7603
34758,3631
16307,5809
430,9515
1330,3277
15685,2389
30053,2817
37231,7332
5045,2444
31937,7798
31252,5431
18654,7725
29860,8575
16858,9004
8374,5514
9793,1177
14313,6081
25728,952
9997,6225
19912,8630
32193,4115
27320,4847
24453,6361
27055,7114
21667,1316
30884,4034
35017,7485
34474,4120
26653,703
22235,2151
16131,6056
14737,597
14156,6619
28851,2566
27311,1304
23514,8012
10513,3413
11235,9368
19044,7652
23757,9768
13480,9521
25782,3785
11965,7592
8087,4524
4817,3779
23452,1849
29828,5154
17526,9688
13095,7445
27269,6906
1660,5383
18233,8354
9220,7301
9242,7437
19629,4030
5536,8099
2758,7959
6933,5797
11718,8904
9739,8242
33978,3509
10951,6207
793,2972
4945,2722
4266,7216
18027,5286
14181,8712
7528,2260
15258,1627
13950,8003
17550,1520
3687,1512
14630,4903
33080,4474
19492,4250
5129,9827
5627,5333
13225,2502
31225,469
4962,8932
26678,4912
11238,1559
35394,9565
5503,5002
3047,4817
17786,9027
29810,8972
10612,6079
33419,1090
20649,3095
7294,5211
36209,966
19057,7856
33353,1952
11636,2416
20974,3296
28894,1064
36362,6146
16426,7900
24541,1212
1516,5604
36644,5436
23304,4680
25080,6478
25679,2656
3113,1805
29951,8103
35779,998
5907,5237
26577,6559
6847,5440
9128,596
28576,5745
16790,2321
10398,3096
20579,8353
12893,4208
127,2424
35859,7582
35956,9925
24652,9503
31854,4647
13459,6923
24293,5136
16975,3901
33970,4112
34206,2562
17668,1440
13915,2379
27275,3558
10323,8835
34532,3868
6556,1571
6892,8960
11827,8626
26461,8289
12536,8141
2678,3329
4977,5491
29365,5400
23194,5420
23231,4012
31533,8298
26487,8969
12119,4074
36804,9437
23586,8295
16227,2202
30369,4773
15789,5760
6401,5583
6725,9395
25116,5650
30300,6984
3456,790
13632,3640
31389,1878
21496,5079
15801,9695
10071,5804
19132,5912
13604,6492
15933,7830
6778,3685
20629,7973
32795,4416
17162,412
31688,8066
10836,7463
7341,8322
19099,948
32843,757
7815,6744
26361,5089
2318,6476
19704,4837
29056,6661
9477,891
5038,9042
14844,9598
21109,9466
5749,459
19350,9173
15350,4978
6065,701
36019,7631
5715,9895
11124,8358
28789,7317
14578,6576
8574,919
33261,1206
8582,6290
34048,7010
10506,5451
27218,2983
7427,3767
29611,7146
36633,8930
5040,2584
11513,7923
14625,2160
31378,4553
30291,4531
33421,31
8919,7188
17731,7985
10013,9731
9192,4650
9902,1678
26419,8061
16842,2357
8970,8211
35804,3450
20327,2190
4461,1013
7628,6795
36086,5308
20965,3765
19240,646
6491,9125
3382,206
1888,9278
35542,353
23645,764
11462,313
22755,6153
31524,1836
22604,1239
10427,6839
12290,7171
644,2888
27748,6094
21798,4390
12986,5568
6119,3353
7090,6677
14634,2227
28771,8558
11286,733
23724,6871
6514,7222
12522,6003
22201,281
5354,9536
2406,6191
31280,6548
23921,5321
24540,911
7969,5565
36939,900
22459,6032
3839,3662
30599,5319
5436,3258
30789,672
5031,4032
408,777
1039,8980
6392,7343
10755,7952
13371,3075
15888,9117
8560,2500
31805,6698
7725,5500
35698,8878
32065,6572
26607,3900
17436,1758
30906,6769
22036,4101
25575,300
25478,7731
27017,6493
18035,847
29715,712
1712,3873
3655,5842
29410,9127
14711,4222
37003,2748
2109,847
36882,2247
33024,3760
17859,3935
18204,4234
1097,4041
11832,1517
8450,4181
19847,8453
13302,5534
4165,78
7478,8573
3287,6918
16188,687
29784,7927
18651,3153
4730,291
34045,474
11257,3089
33576,4714
32434,587
8296,7838
27991,1474
35597,6993
23208,6966
16662,2431
30001,4893
7721,8231
28520,7207
9154,4591
19111,8377
10812,3849
18930,9552
7650,2002
32694,9483
16552,9946
16273,5842
21719,7187
24328,9726
18875,729
8022,7950
8517,8119
2140,9636
34809,5718
25484,6880
28370,9469
36827,8524
14603,6243
12657,8054
32009,2784
8416,8292
2923,8325
18127,6488
32925,1452
6826,3570
6914,2157
9489,6509
23228,1870
30147,8014
37227,8803
32119,9553
13607,8170
8178,8080
22349,7489
6522,3004
6204,2394
22575,3823
1901,5354
9525,8252
3448,3267
28886,5863
16098,6086
29782,3932
4625,9559
14734,4725
35173,9745
6002,5955
5148,815
16213,9891
28103,2118
36029,8392
23422,736
25984,9173
24934,3582
20342,987
18400,7819
34498,1493
4387,149
15546,857
21831,8253
7359,9380
33624,9137
23618,1842
12052,1896
16359,9367
24867,1312
8564,5293
33796,3825
23994,5091
31613,1713
14295,7193
4342,6898
35993,757
22555,6763
17590,75
24801,9475
27633,4727
3997,5965
3397,245
21623,6482
32382,8955
29909,9481
32712,8094
30754,6116
2280,5878
3694,9474
8939,3653
2393,7885
27316,7007
19724,2189
9293,9839
12669,1513
19297,3625
8639,1129
16711,3812
34075,1338
9000,1553
35608,1125
11361,2628
894,7801
16769,1741
2903,7396
16795,9264
30797,9845
28217,3417
20831,7865
5223,9162
36408,1893
23905,8805
1647,3753
1087,9704
30705,1035
24220,8662
16028,2072
11532,9129
2725,2450
23511,2867
19637,4211
1215,8356
346,850
36956,215
30715,6776
6730,2753
16501,6118
12555,9014
22134,1055
29116,1750
29324,1009
24371,867
19662,8075
26578,3548
31621,3990
9016,3344
13115,3065
15895,7169
33347,5405
17134,1554
20163,6694
14300,1564
8528,8441
27341,3774
26198,1601
3290,8481
33269,617
32974,5269
4480,6542
10493,5793
36218,4884
9252,723
15772,7974
10742,982
7578,7376
2527,3817
34346,4068
3808,7276
2222,5137
16037,2961
34488,6146
19412,5761
26008,7630
11660,399
30786,2890
11919,2528
27477,8379
19373,106
28329,9445
29712,2343
34369,4557
16115,9371
25044,632
4106,4939
30061,9930
35761,5534
18636,4640
30802,6323
35524,2994
13912,7694
24316,4041
13164,9411
2507,7993
5929,1294
5124,6689
32539,9937
27287,918
27889,4041
29507,6481
14812,7662
34995,2899
34052,1165
29390,8178
15276,5775
25144,4070
27060,9011
36807,8349
20709,1645
24119,8632
29264,2722
29045,6164
11222,617
21901,9869
32834,731
13867,3850
23137,4441
2269,6714
3441,2861
274,9052
8815,951
30844,2716
8318,6805
21077,23
12066,4528
33913,288
33673,3211
35851,8765
7932,2784
11808,231
29561,9461
16908,1782
21321,4155
6592,8392
6252,5153
5252,6370
32406,6905
6620,728
15731,1684
28503,5700
5946,6916
28785,6120
33462,3744
30912,8026
16595,9845
17918,1679
28033,5552
5282,2981
1676,3181
35015,8162
10743,7768
26750,567
5689,1218
27195,5204
28407,9331
3829,285
27831,720
3753,6878
36972,1281
31333,1679
34284,3633
21079,4239
16096,6238
2081,9406
23494,4118
15726,6822
9049,6028
13985,2658
2626,4833
3910,2402
8153,7540
29120,9447
5345,9712
35622,6888
17672,9989
1851,8378
26863,8183
31013,4707
19473,5342
16541,4319
16690,7063
15280,8566
26339,6638
28235,5373
11500,2971
16294,2495
37026,7126
10727,3402
23079,2923
6670,9771
1684,1588
8895,4829
3108,2333
8615,2356
12547,9588
19305,2342
27097,7141
16272,3076
26252,7821
15212,7249
26942,6990
21413,5925
2492,5228
772,8810
22874,1624
30592,5334
857,6719
36571,1791
9620,5205
9626,9457
24069,1457
2414,2940
19106,7242
15878,4170
20268,9969
15688,4212
32750,1980
30540,8517
11271,8027
4339,88
15838,5766
3580,8268
14600,2067
22118,433
11068,2433
36047,9213
6756,5735
26800,2593
31747,771
33552,7739
15425,4554
26848,2652
9426,5560
26742,1946
33908,3945
25093,2088
2540,4344
13656,4385
927,3996
2009,6770
36053,3535
30846,3175
28883,8590
36911,9197
18096,9654
31319,9967
19564,4044
2322,7794
1568,4487
10671,2933
8290,8664
12774,6530
26785,5835
29945,7293
12484,3576
37035,3767
6573,9404
10595,9192
6802,5320
23531,6010
12088,8093
20033,1090
23951,7499
17895,3348
32305,9865
37031,5033
12865,2618
25602,5187
12073,9630
12129,8560
16530,8209
29069,3629
5787,7714
34280,1006
23156,8621
12705,3455
13525,7481
8899,4355
13064,8545
32944,987
13713,1022
8555,1758
8420,9246
21837,9904
7947,3850
22315,7607
11779,6383
29914,5988
7223,9961
29574,8505
7109,8827
14784,4845
6293,3092
1937,5884
20240,7812
549,8545
1974,6819
19180,1966
17666,2140
20450,5504
34931,452
6263,5804
7680,7785
5915,5138
30533,4153
16003,922
31739,9351
2273,7891
30860,84
12365,9002
16435,6398
4645,1078
32100,3882
10840,6975
6311,7831
19266,6080
33610,376
21759,669
30030,3230
24555,8239
25568,7406
36282,4186
30714,8030
7183,568
4146,1430
3798,153
32257,1987
34823,1856
5652,851
13658,7558
33910,5147
22362,9241
2942,8478
26965,3706
345,4034
34660,9263
18382,6740
23677,9072
14697,9189
2931,8386
18319,8001
15081,9937
22892,6477
8771,2542
17024,6876
35760,5057
35006,2715
16612,499
26058,1630
29865,4557
31619,7215
11973,6158
14176,2896
8511,587
1570,4827
27431,3924
15666,2449
4665,1142
2195,2285
98,44
3746,4089
29433,2704
10413,5338
9534,2472
23220,1865
3031,5818
31685,8499
22710,9434
12772,512
6535,6897
24774,3493
27571,6659
34923,6373
16472,899
11915,3345
17411,8143
35116,8046
2896,7258
30770,7966
1863,8255
33318,8575
14827,6267
18832,9644
32290,715
29614,1432
22839,4407
14518,9614
22347,1151
32846,8323
25801,4905
31318,4447
5218,4718
30532,9398
19746,8466
20817,1257
29484,572
28290,3341
30809,599
28507,9773
33726,9826
5460,8213
6496,5105
36601,4077
12736,497
13214,8519
18427,4343
36215,7202
27342,1912
8880,2534
36617,9829
35960,7283
22338,5797
26166,7863
18697,7748
7029,8744
28050,9599
4330,3581
17047,177
10263,1431
14880,1217
23280,4878
17538,348
33712,4313
2868,6746
18365,9510
20311,7830
36889,6227
21587,9354
14015,1019
29106,4031
17872,9411
17233,5447
30025,5351
8045,8868
388,3641
31642,4384
17179,8066
32943,6678
23138,8084
15205,3859
23306,3663
35638,2895
5189,3711
21428,2531
8171,4127
21055,4014
19809,5342
36834,5340
724,4836
32421,2084
23334,5894
24550,3910
28954,5810
4143,9112
21275,9250
3184,9603
13995,44
30632,8384
17789,9500
17612,6049
5152,5416
26562,7435
14668,7385
33480,9736
7241,6013
1277,7073
25722,267
36880,5005
8957,990
18967,2452
26931,6783
46,8906
22428,6702
29690,4695
22935,4257
21712,7979
19341,4058
22577,944
36412,9803
12724,4427
19084,8171
18616,4766
10552,1898
1065,2720
2664,9830
36849,2528
11212,2004
24607,7336
35952,9549
222,3367
11015,5664
33586,3034
26190,3159
33436,4134
28932,2806
4989,1579
1808,7936
13504,3312
27243,3490
397,9029
31876,607
2129,213
22471,7728
36946,986
23198,2741
9889,384
32771,9403
33661,3088
33222,2291
14145,5995
26435,2749
31941,5542
23015,251
36115,836
18861,2277
33216,8232
7545,6025
22014,2353
18308,1498
10173,421
19521,6350
475,2007
90,9986
16069,4806
26772,4873
3789,8958
33730,5041
37019,4777
33170,1602
29714,7480
16135,1664
33355,9039
12487,2182
36537,7217
20868,7238
33839,9638
3316,3856
20406,2760
33874,3554
626,1050
19247,6653
20231,1870
4812,8843
33157,4315
31019,9571
32563,8944
9737,4423
21668,9575
3394,7785
10333,770
18239,832
29078,3823
34955,6613
11567,5483
35571,9888
15843,1698
23436,2660
15022,1329
29883,5270
36343,4165
35824,6021
4372,1701
12988,3002
34533,9277
24441,85
20809,2245
10500,4933
22129,191
4505,7629
14284,3188
37193,5450
26313,6376
27975,3747
12001,6407
578,2117
36937,3394
3021,6143
20503,8007
36084,8841
29119,7012
16729,4272
16104,6418
7003,3858
16000,3732
26146,8384
17011,4797
9685,9670
16578,3514
4467,8339
28713,4725
20120,3268
24258,5228
18331,2516
17930,1339
12568,8900
11031,5360
15039,3199
13090,3285
19090,8439
32702,2269
5986,779
4680,6199
5869,5205
22818,8214
12351,6542
14513,4976
23338,6796
17477,9299
27631,8050
8224,1012
10017,5360
32862,2657
32778,4400
14627,3637
17531,8264
26961,1553
11048,2930
2647,6992
32856,6269
9779,5284
31827,1426
3379,4307
3504,8802
26580,415
30787,9984
18707,2919
27440,3540
22214,3137
36379,8434
23573,9370
28357,1239
16398,3684
15559,7120
27719,7634
23317,5379
4932,8815
10274,7493
33897,8355
21805,3279
27024,3834
31176,5925
31801,7692
17657,356
21126,7532
6232,5615
2975,1241
24001,9126
21152,8224
31325,6504
32523,114
33101,7330
27309,1833
3946,9742
813,5589
9809,9193
33887,5825
4061,6013
4084,9671
11791,6296
4936,5305
36811,9975
36587,4827
20938,6035
19882,9239
12826,19
19139,126
3921,9707
4972,5620
31571,939
25076,3533
17841,9279
14729,6718
8459,4567
17498,1579
13593,4383
26679,8402
16062,3792
24467,3059
13889,5473
438,1893
31599,7801
7134,3689
22367,3668
5550,505
9918,2985
13205,67
14163,405
36411,5943
29912,1495
12804,7066
13514,1403
11661,3059
4120,3213
21616,7898
31073,565
35402,1675
36015,8545
29942,4511
15083,3868
24021,6288
18955,652
26401,8788
6788,8683
37186,4327
36908,8523
20152,3325
14053,7368
242,4568
17497,7658
19138,9027
12708,1273
9008,3506
17816,7802
29028,7120
11081,9721
35393,8927
12451,9087
10822,6755
8006,4342
35881,5618
34327,3986
33593,2755
24647,7722
29193,3215
36214,4113
31791,517
3298,7423
4728,8347
32980,7492
11740,5094
24291,8229
23258,3275
6946,1128
4534,3300
37090,3632
17034,626
248,3832
21037,8164
11743,5082
33295,8249
22127,2364
10863,8595
1023,4544
34139,1867
35967,7896
17354,3569
32660,9920
5535,4521
21634,4267
1510,225
6662,6421
19587,91
32907,8381
30878,519
18623,2338
5464,2796
21334,1409
2585,8349
27234,1924
26316,718
16492,9119
11834,1770
12038,9148
31066,5817
17289,721
17817,1135
36523,5873
12281,3720
10536,3300
6646,3615
32947,9600
11775,3728
24166,7650
14171,2094
27721,4063
6164,2376
6367,6764
24167,1862
30157,8226
27211,8839
35649,1295
14535,1719
24640,2301
34332,4440
5921,644
9407,2881
32461,2468
31925,5418
30432,8984
22271,2199
21617,3744
3357,7172
23000,5408
23105,6168
13154,4143
8138,4705
20987,4552
15381,338
16831,4070
630,7929
12553,4934
2499,5624
10824,917
25641,1124
27347,4836
14660,9863
20241,4303
12917,67
28848,6523
8358,7320
9038,3223
28959,9166
11497,9121
18783,5136
3964,531
2855,3323
33946,2191
19463,2606
29012,2439
20892,5980
25336,5478
505,2367
33423,908
13938,9134
2863,8662
19742,663
9132,9401
27131,7409
22624,9850
18237,4002
4341,1841
28003,8875
29397,2592
5762,8539
8944,6345
4744,5187
3610,4815
29405,4867
16354,4303
13623,340
9644,1506
4805,8147
32129,6488
11326,4955
25701,8410
20678,8436
8470,8609
11028,5431
20266,4878
26519,1268
11378,7008
36716,6649
10600,4888
36176,7332
10718,9029
36470,3040
22862,4693
7889,5239
23565,8224
17109,713
30344,4541
2764,6296
30101,9510
20958,7198
25050,7623
28730,9097
21549,8627
16912,8095
13816,8586
23837,5975
3502,7365
9129,1019
6848,5406
8282,1186
30491,2511
20196,188
27735,889
6483,5914
25927,5672
26241,4600
6156,6921
5711,6469
14907,8863
23329,943
11420,1614
15650,3982
25633,4513
11625,2283
18439,8384
16178,60
29595,3091
14222,2573
7249,2904
15662,2382
31744,9703
34200,3577
1994,2729
9841,3952
36957,2037
20979,3035
29366,1604
15423,5904
35101,3328
841,49
5170,6322
31356,3972
14180,3282
20762,8949
26818,3253
31376,8610
22236,7487
24696,3871
33689,3500
33868,8202
5140,4232
35335,5349
7762,3331
26486,1137
4220,3160
2545,2057
1482,6133
13630,2849
26839,8503
7755,7604
37232,3992
1931,9497
10276,5502
19697,1847
6013,6714
26482,6166
6195,3979
4540,6865
2950,7767
35658,3253
24593,8736
10424,8153
24793,2797
5198,7678
4496,6529
20779,21
2501,2012
3628,47
27801,9674
17893,519
18686,829
979,2655
9861,9905
32122,5802
6921,2060
14265,2624
24320,9871
33867,9874
20415,6517
7602,1091
14948,372
762,9497
10539,1136
26615,6644
1819,7862
20959,9482
16414,1403
31692,7892
6593,3906
17605,15
13649,4668
423,5362
32330,1734
18842,4919
2104,6140
2292,2874
9876,3181
17021,3044
20203,1480
2973,3120
26471,3710
33818,7985
1280,1210
9240,4139
27272,8721
34070,7606
15920,170
32704,3116
8223,5203
6045,862
21273,3124
18665,449
21257,4678
27353,2684
5657,7656
34788,2017
20205,8519
37123,8851
24337,7951
30248,6888
8135,2292
24533,2478
35033,5119
2306,4421
6216,4710
36198,8074
15868,6034
10031,8132
30880,4218
1838,9380
33881,2646
22330,7460
17056,3192
19372,4643
18720,4646
5527,109
18282,8737
30805,9315
278,7812
9931,850
681,8412
2927,2989
34245,1444
32893,2124
25834,5202
25403,4444
29939,9387
35275,8201
37168,9071
22704,1440
18543,5172
33463,3212
1491,451
12898,3489
1458,90
15711,3254
28163,8410
9761,4646
34062,2157
12107,3244
19876,4622
4548,4458
11585,129
30512,2434
15298,28
35061,4838
28945,4260
11313,3940
5646,3582
26048,4447
34810,9276
24564,1471
15260,6192
1465,8199
8471,9348
18853,2262
28963,8366
35009,1205
22119,527
15607,8379
24863,6732
34849,3796
23789,8135
9072,5705
6494,9019
3234,5174
31690,1737
12011,3452
8278,4607
15602,720
8494,8547
8579,3625
6715,6359
29248,6668
28331,5616
1003,3210
28175,619
4774,2132
31714,7453
8019,8463
3874,7647
28678,7473
23839,55
21339,1688
32118,1489
26243,8701
11379,4432
23085,8405
30269,7370
2505,2749
26694,4819
33343,1942
33581,2233
34433,2627
12738,7402
20161,5687
3002,6900
31112,1817
28081,577
8180,5837
16067,3089
26996,1807
6419,6125
9986,1488
2331,1230
7270,986
10012,9205
3500,3810
17355,6859
15107,7129
12483,3729
16497,5980
27075,4227
12285,4405
5337,9880
6814,1075
29758,6400
32359,4268
30572,408
29785,1810
985,9484
29702,8293
23788,407
22645,911
399,3521
3941,1673
36300,9103
34980,1039
304,8073
2885,9161
18094,9370
12607,601
343,7331
17982,2859
24654,3593
32258,9657
30110,527
1741,5053
2707,3336
25059,5951
22868,3517
32120,70
4252,9202
5485,124
31151,3482
6128,4293
31927,5976
9444,1407
24939,4155
34690,7849
1213,8599
12678,55
25620,4762
2052,771
18025,5798
30693,2724
36630,8880
8241,7380
14682,2650
27168,4201
8929,1967
5168,983
30161,5533
37189,7586
34993,8501
24677,8712
17099,5328
32625,6809
29666,3723
4201,2680
21433,3410
8565,9236
32071,5902
35444,2363
36301,5479
12154,4474
13735,2467
2476,8678
29618,3980
31546,1264
27515,6208
34261,5884
1060,6333
12978,5512
13800,3182
14756,9281
5201,5436
29260,9931
9845,6896
26101,5790
25977,3778
20349,2131
31406,6178
26440,888
14921,2316
24408,9077
23072,9034
24637,4917
31000,4437
29342,9054
7293,1958
12723,9179
16090,8265
21543,2918
19189,3931
8570,4550
8687,8772
22572,3452
27896,3911
19987,4224
24582,8125
13728,7736
34056,1324
17554,3418
8326,3610
16852,1340
11189,3423
4822,3287
36931,8874
18048,7779
23421,5621
4457,6566
26275,4244
25750,3106
20098,3816
35034,4890
7212,2487
34376,1932
18468,3320
30215,4735
19779,2412
13676,4312
5886,6858
5020,3524
34437,3667
15170,1621
23914,6333
28721,4701
13481,7654
25811,3936
26731,5242
33728,2636
33003,6813
5035,5261
35693,6439
6126,2580
28035,4894
14229,3414
18059,1970
34689,9375
21705,2686
11477,7984
32622,1057
6253,3077
18053,6701
34271,626
4404,7925
23655,9985
26846,8488
18868,8049
34929,1886
34286,9454
15014,9862
26575,1830
10463,1389
36167,4268
17190,5974
22983,5824
8184,1224
8188,4799
26278,745
11879,3299
1549,9660
3639,8154
29429,1375
6502,19
20278,7168
9802,8813
7609,9750
18197,6715
23603,3683
13399,8317
13783,1175
7980,1285
30763,4394
25622,2578
36938,1998
9237,5737
33030,169
26920,3029
962,9263
2733,5317
22525,6575
19486,5220
17050,2386
32725,6762
4679,2827
10410,8759
22307,972
8898,9896
26833,1258
575,4025
4189,536
4235,6021
31133,9036
27186,5521
24302,7996
3036,2346
16477,3504
33918,3982
34195,6416
9836,5654
15558,4951
11449,9364
16403,3910
6757,4010
17286,3552
13374,6549
7499,5458
35073,2593
12730,8862
14194,4902
35184,5794
4475,722
6562,1710
9423,7074
33783,3797
32315,6693
31262,7236
25202,2206
14752,7493
19006,4407
9087,5856
24359,5593
21921,1803
11494,6759
99,7362
14918,2311
12471,9482
3510,6535
31214,9674
18760,8662
30641,3763
11478,9113
12649,975
1260,267
5321,1582
36177,5353
29338,6646
26755,8267
8049,3679
13208,9141
29457,8143
13857,1340
34372,6675
19891,7663
18229,1402
1103,819
9254,9052
23660,8151
20885,2705
36485,7093
1610,3344
26919,5789
6867,9200
17687,3980
3772,2448
31962,4935
5658,1907
2278,1349
6803,1205
939,6077
3787,4947
30052,6486
36708,7884
4688,2614
36253,3596
17962,1069
5155,4240
32205,2081
19999,8801
18566,2346
36751,3188
32433,4776
128,4560
33163,3019
5595,7835
31113,455
20377,9864
18811,6384
19806,7361
9188,9072
35740,8237
25836,4660
23394,5342
2865,4599
24379,3871
9284,6705
35273,5883
21370,4541
20494,1654
20717,6366
17083,1987
35135,2417
27330,5685
8403,7093
35227,7687
35313,8442
21670,1824
28313,2249
323,3607
26602,4285
35917,5263
29138,5276
1635,6229
1226,2235
1008,1203
33654,5819
27849,2511
34127,2241
18068,9695
36526,3883
23271,5216
17561,6232
19377,3455
14786,1688
18418,6265
36361,8461
19553,5309
36735,7062
28030,5038
21250,824
36254,9147
628,7834
36535,352
36119,497
1152,6217
9125,4444
16551,6789
15999,8275
15744,8893
6291,6998
20066,2620
21025,9340
21236,4470
12315,9669
24868,1807
21896,9823
27288,9169
23530,6758
16701,6942
649,9443
22712,6002
2518,1349
20374,8556
34359,3465
30760,3446
30473,4485
29229,2488
20771,2552
5144,8401
13005,5330
25718,3408
2385,1577
17899,2373
26450,6356
35468,9110
30255,3512
25282,4935
25621,461
18859,2981
36773,1742
29549,3005
3714,3486
31434,9579
24268,2224
16133,9903
12422,9813
3560,4849
5139,5539
15259,1792
7409,2264
24825,7730
27280,6547
4181,9392
31702,4948
2893,1491
13752,2841
12680,6209
24475,1359
243,8287
29181,4271
6885,1059
21460,4242
26225,6072
27963,6337
4222,7785
18265,4474
34653,5691
19634,8393
1859,1306
7922,758
29004,7642
8194,2860
3989,4055
5941,5972
25972,7650
25014,4318
29465,3393
37169,4725
6148,588
27592,6934
22163,3903
27620,7709
28256,6342
24409,785
10422,1595
5511,9827
32114,680
24452,1922
1366,3272
2498,9697
12034,3697
5416,1599
28500,602
3294,8624
24614,8228
13832,1364
34120,9642
7022,481
31952,7527
4029,3157
7103,937
3588,4286
3496,6681
4845,2947
12105,3500
2449,4947
30515,3961
13387,290
15809,9364
30664,8606
16372,1148
17111,2320
24236,7466
7303,6679
30357,9186
35974,4720
3427,7706
22450,3770
8931,6603
32926,7710
5514,8960
34145,4011
1406,132
12166,1263
21099,4494
32557,6193
5853,2375
5504,7868
18773,9603
18980,8453
4759,8848
32094,9603
30446,2905
10877,8706
7581,2090
11149,3623
32445,604
31241,4868
8904,8767
5395,5602
5317,4149
7080,5734
34007,4405
30708,276
2536,9646
20498,9044
33352,4817
4716,1814
6872,5887
10608,4690
5472,8036
17822,1099
24919,6424
5576,4018
10986,3796
27177,5528
5341,55
16502,5342
18634,989
20265,1495
19557,5126
33407,4948
13602,3381
13637,6484
23795,5789
20178,6689
27574,9958
34741,9628
26476,4673
20222,3476
28335,4017
5523,4493
11510,2679
32344,2971
10020,4900
32473,3467
22241,7383
4209,4908
14699,5353
1122,7533
31352,915
23815,2531
32124,5296
24010,3164
15944,2366
32912,5901
35269,3330
13826,2663
27254,159
13024,6390
16982,8623
18436,8460
19917,7974
4921,9626
11153,5713
1923,8460
3318,4188
6527,8953
30738,7005
33001,6845
16513,4592
12051,3023
36674,3360
21690,7527
22370,8060
4614,5613
30390,3631
21931,6668
14452,2142
15486,7296
6355,2941
15320,8568
7775,7369
29517,7819
25466,6725
6410,6639
34834,1052
22683,9404
32236,4766
31833,1865
33190,2514
22135,4482
21082,3310
4325,3331
26951,8712
8059,5546
26234,8341
8404,9906
18043,9578
29500,6087
4121,9101
15041,4470
28995,6723
6455,2880
7714,3514
28089,1857
7075,4944
2033,9011
6434,3977
15180,4924
16694,9584
33969,155
24040,6233
685,6827
8147,1968
13375,7567
24372,2379
26236,3854
12082,9809
26820,2689
17708,2318
4169,3215
25048,6521
729,653
5225,2845
12806,7365
11069,5614
3106,4111
9167,2711
27760,5259
32697,6654
17896,2157
7136,134
31045,5167
8409,4604
27780,7424
6248,2441
34430,1926
14759,7379
25193,1327
2375,3484
29311,6311
28588,2378
3517,4430
23502,2418
12284,6072
5763,874
12951,9719
6594,3725
14775,1110
10496,7092
460,5361
1968,6553
13958,1139
8492,7261
2361,7085
3480,456
6758,3139
34997,3326
7643,1570
34515,3450
36549,9671
1336,8966
33302,3629
15590,1697
25388,2092
28630,1629
11753,4306
21117,7303
29152,2051
16487,2173
2201,2384
7570,6251
27637,5741
29154,8126
22944,6635
12535,9274
8617,6493
4982,8426
17598,9685
18578,9945
18837,1595
16050,2167
1655,9625
14723,3320
14856,374
36947,1093
28337,968
18497,9826
24172,5561
177,7979
22396,4099
12428,8618
20543,6891
18087,1675
34125,787
2059,1376
267,4228
24168,4498
32572,6974
15606,7629
32719,6888
16922,3650
11658,2154
32231,9681
11922,4190
5426,2340
21783,8584
4842,7436
28146,9471
19545,7616
31416,7700
14041,2473
27012,4472
33020,7674
5135,1822
16164,649
14987,8526
26009,3644
9731,9975
10852,5667
31161,2762
13688,9091
27013,6218
27913,6867
30274,1458
19490,6380
27807,7046
32435,7086
29273,1414
10594,7389
33238,4595
12570,8894
31079,1342
10370,2622
31812,5942
10240,1473
3198,6236
4304,2429
12014,1398
6934,2079
32502,4255
7964,8286
9287,4958
20780,3666
13196,5822
21853,3037
18367,8129
23048,1545
7144,1411
6876,6219
21963,2315
4393,6250
36879,8275
29953,1006
622,2355
26882,5584
22284,9496
14276,8343
28816,9037
996,876
36687,1624
3923,9994
23919,8102
31789,77
686,211
25922,5991
22878,3818
7284,4276
26583,9120
6896,4151
37044,5217
19764,688
10859,8504
25079,5263
22631,969
29319,3561
5815,1791
1411,6006
26528,7580
6551,5984
6536,6540
34894,4810
23368,5452
14787,2934
18737,7770
25015,5070
3690,9125
9527,1532
7915,3739
850,5797
14770,2610
5604,512
2208,3374
15045,1968
8085,9130
17036,3945
14702,1800
12431,2094
25386,126
15571,1130
13694,5799
13710,4135
35980,9428
6436,6379
30950,1549
18535,5356
32910,2695
13396,8321
36158,7658
24732,7002
19916,471
15144,7876
2298,7213
5563,8889
8340,4628
12163,8606
16036,9331
10192,261
12512,4305
9556,8393
15356,8181
6992,513
36705,7650
2388,9151
27119,4624
5556,501
21713,5299
37180,1583
18963,790
3834,2488
12232,7159
23425,1352
32335,4828
19031,6387
29735,2742
27945,9746
13420,7223
6067,6756
26963,6210
23375,4079
31632,7845
9532,3076
13793,4417
32645,8119
34090,5226
20100,3651
1928,1908
35401,7724
26458,4363
736,2133
17528,6264
25978,299
24821,2496
25793,7742
252,9863
1719,7209
33118,8087
22790,4095
3704,4439
31230,3718
2404,5575
5716,4126
27947,4340
7864,8651
32612,2231
20574,1992
23665,2004
35016,3674
25439,7362
2091,2550
1009,1426
27950,1444
12249,8281
30952,7134
16224,7028
32657,2050
12353,6891
34621,1276
32715,91
8256,7348
15956,7762
34774,7779
12246,9686
28871,7974
36294,2408
9370,7782
27176,8107
36653,6274
14766,9332
878,1273
7718,3151
18370,14
18342,9017
26125,5863
22904,5993
18568,639
31446,4982
23136,1012
9738,2253
11990,5337
26253,7228
33440,2845
6660,6761
19399,6908
3154,2153
11263,6794
8288,1921
28998,8047
21369,1227
359,8345
15862,5898
1219,8846
27400,9721
32958,6750
27536,5999
24909,1922
28781,5954
3263,4199
37125,7461
35801,9223
17471,2058
17503,9242
36405,2191
26497,4410
35020,6802
12263,8023
22120,4258
9771,2827
21013,9579
24006,5272
18111,7455
19757,975
31850,9047
27656,7286
1328,5633
16291,1787
25590,2179
28626,7938
4148,4889
11024,9807
30869,6412
3470,2223
24477,9927
17448,4669
34483,956
6951,447
21641,2522
25660,6460
2796,3101
19536,2179
19658,8045
35103,7656
33627,5285
29556,4515
29341,8967
15609,4274
3489,9054
5706,722
17418,9041
17756,9143
2884,7357
36611,7649
21674,9214
6596,6092
32215,1532
17313,7356
20090,5723
15452,9829
31316,5249
9653,9332
12932,7115
25504,7737
18896,6994
13028,4017
2602,1332
13787,216
30801,6881
20520,401
286,3452
12147,5277
24318,8179
22242,5137
18487,602
23699,1877
17704,7814
16400,3816
10880,578
34111,3011
11198,6830
34374,1546
35522,361
26433,5415
10460,3920
23451,9918
29455,11
23974,6825
30250,6038
19263,8349
27617,3109
9051,6952
33651,8021
34148,8213
16317,4233
7998,5089
14983,290
32555,3373
9736,5343
10670,2607
8658,9227
19667,3188
28896,7478
23674,7991
21420,5603
17957,1638
19290,8989
32031,5473
21358,1097
13019,2105
14611,8569
11921,6201
32991,3358
22188,9753
37205,6150
37087,4255
4119,1488
11118,1580
13290,5287
10112,4209
22522,8801
8467,7741
21184,6904
9851,2174
36856,1502
34902,6244
26759,7175
5844,3373
7348,950
6300,3076
22012,4020
28305,7214
14188,7661
16092,5090
22593,9732
33438,7958
32210,2425
28098,6150
25213,6542
31904,7744
23658,3591
27741,5066
8013,1180
15825,7061
9618,7271
11029,436
17911,2582
5352,6599
2054,2305
33181,7561
4880,5836
31046,8910
12287,6841
27089,1233
5860,4536
3313,8301
21385,2262
28617,2641
17521,4140
6700,8039
23485,6409
3905,9192
30700,5181
4254,5829
29110,1202
29472,2666
29250,5150
24157,4121
16306,4869
819,6540
550,2962
677,8566
30793,2509
6341,4154
5414,8345
29212,2176
11082,2350
30115,8067
25732,4801
11000,2969
9382,9705
23149,6950
27784,3655
16764,5935
23657,796
24579,2185
14592,1954
2616,1348
4525,4845
23902,4232
28474,4645
25196,9685
20315,2640
34696,2813
2584,6677
23056,4736
11533,1882
2425,4579
26346,6595
14112,1112
5477,1788
18410,1208
20970,4216
17018,4417
20540,2890
19962,8753
27116,1189
32786,1988
25455,9921
6753,7100
8357,2955
4375,4491
5634,1228
10741,2591
25387,5843
35405,9317
31975,8173
7801,5233
20997,6934
21721,7825
35709,512
32968,2572
16111,3638
470,304
8028,1980
2279,6520
10314,2060
23708,2038
5132,7024
9288,4946
7339,1636
14649,4544
32067,2022
10968,7012
10042,3320
32794,684
2715,8952
18357,7940
6422,2701
5133,6484
29104,2020
34582,9578
2211,4410
4832,63
29209,9025
11798,8442
1053,4652
15010,55
2918,6167
29642,602
10201,5799
10221,3416
34140,7382
25656,6883
31786,9519
18985,1101
2533,1737
17,998
14465,7535
21028,9709
3245,9292
18393,5279
29928,2301
15406,592
15518,230
32517,7773
15575,8474
25904,2024
12933,9341
28574,1249
27278,1696
7,9082
21241,4816
22087,1504
13804,5869
23106,5425
20883,5250
3935,4340
25139,6842
16658,6180
4590,8468
35966,2861
13299,3680
16573,1949
12556,545
33789,5542
2276,9312
28487,4771
52,2301
34391,2327
18084,2668
13022,2731
14994,6121
23143,7722
19685,5449
36295,6217
584,1668
35461,7926
9708,8156
32453,5942
14459,9642
297,7771
18195,1176
14833,9495
30438,2374
5001,2882
2497,5601
250,9984
36609,1642
13321,6191
3103,5707
13620,8008
8943,7589
15420,3188
18512,4778
900,1088
621,8753
1113,8288
19098,7257
34729,1843
36219,1216
24454,2171
34562,4450
27227,7756
30159,569
28720,7609
3120,2128
10421,6754
12710,3721
35496,6122
17683,9896
23424,3016
12009,4068
342,5995
10445,8579
20718,6219
13097,4029
6072,9200
3474,8591
10936,2192
32640,6429
14148,2567
1650,4712
34563,9405
16451,1333
17797,1335
1992,6524
27207,7225
28768,9358
28977,5164
8596,1393
10598,3258
17017,6864
34117,5188
4526,7184
22253,4737
5551,8942
29103,1698
22283,3030
31143,3052
3289,6465
33894,6528
11806,1222
1956,2647
16055,8744
17730,4621
33924,8601
32649,748
6649,8784
19753,3944
16641,2752
37203,4529
26925,2207
12913,8477
11072,2777
4602,726
31353,7197
33022,1920
36077,5428
27863,5285
24809,4811
1248,1851
7387,8752
9619,1711
33534,1963
35084,8002
20747,3282
34795,5390
24499,1634
35512,3170
12309,5886
26050,2208
33906,15
4813,8462
33991,2355
34517,2764
30081,3676
17474,4961
32797,9119
23592,7053
14307,5390
11912,855
21745,8204
23784,5982
32526,3489
121,626
10992,1939
4577,909
9523,8827
1148,8696
3547,1823
21531,2802
4859,8828
26231,8116
30640,3324
6988,2684
30422,7335
9887,1743
22145,8261
36229,1711
36342,2911
3126,7049
34337,7746
6735,5951
28953,4154
13366,2772
13137,4820
33234,4313
15246,8325
2325,9715
35500,1292
2493,4410
17991,4916
29762,9284
12781,1083
35299,7539
4400,6609
27538,1734
16765,1308
6742,5509
2937,700
30472,426
27955,979
16166,6902
12085,503
3528,6314
14354,7337
8393,8880
36749,492
36146,9926
12160,6431
18470,5060
36293,8432
4097,9946
23068,5872
7708,6137
10497,762
7793,9278
12885,961
25237,3012
35485,5250
19066,7596
25430,3425
9312,3037
6807,130
6258,2603
33262,6654
15050,5215
33218,5745
10835,3540
520,8061
31053,4408
19277,2399
4093,8188
25400,3400
1704,6416
17445,836
31731,6361
35530,2212
35255,8300
1012,2655
20882,2224
15550,6946
2633,3575
3579,813
1895,9368
15027,255
16739,4475
6161,3961
4502,4386
15336,1411
21956,4419
1117,8050
27636,1381
36909,3474
34694,5584
3994,6619
3069,3099
4749,3408
18809,1229
2878,2150
22565,2416
348,4625
4847,1025
31589,399
3469,3497
12141,3745
32773,872
18183,9503
6943,2405
3706,5650
27259,3923
24093,3413
9625,9681
31346,3505
214,5183
3634,5809
4072,7437
26558,1808
16337,3552
14350,1999
21915,2458
28395,2907
9056,4277
1664,9336
31189,7337
33820,8373
7825,4414
2842,2211
17989,8424
32989,7475
14493,3168
1450,3660
12528,1996
26481,5751
28788,1324
26326,3655
32498,5403
28649,6460
35875,6909
30350,6975
13529,2893
28750,7973
33280,5043
10930,9921
4343,1394
6399,4778
27313,9181
14673,7359
32156,3555
31727,2610
15283,5262
3116,6893
4450,4918
20336,5867
23532,7241
22605,3690
25780,386
30415,7513
7137,7833
12800,9533
25173,3929
2680,668
16463,5671
2457,5439
4638,880
6835,6537
9441,565
26104,526
5501,4108
33656,4397
3132,2045
30408,1585
16570,6766
513,6279
19450,7479
18742,9774
34595,8678
34201,4155
7751,9499
10869,3367
16719,7055
30217,4695
17935,4343
32493,1142
33073,1915
4216,6324
35918,1029
18208,5734
27279,1354
9090,9234
19185,9830
6352,9331
21284,4854
25858,368
19145,3479
7275,5600
9159,5739
20744,4410
4282,7449
31322,5623
33384,3986
35502,7633
29010,1662
5665,2434
16257,1385
7185,9248
18327,6955
36636,902
27639,4884
12611,2117
401,5781
32140,7849
25885,2961
19367,3948
4546,1055
36009,2214
32807,9068
24113,7951
810,3453
19786,1024
28609,5850
6906,9099
28280,7599
37146,96
26769,8621
22352,9411
23012,4332
21620,9586
25110,8763
34740,7116
18152,3910
7828,5502
24506,2026
26102,3116
20562,9597
292,9006
31562,4528
27597,5746
36370,4950
24388,9956
33776,2001
7451,5417
11020,4913
3740,2123
26216,2817
7209,2790
27469,3798
22695,141
6983,2283
30668,2069
13000,7469
13194,9573
18045,7798
23560,4892
30076,5701
7010,9533
9396,3020
17588,5517
35656,3439
11342,5250
24440,4365
3014,990
3344,4280
34243,1512
32295,5794
12642,2213
10369,8216
9674,55
24581,9631
9640,4921
30189,341
29580,2136
9875,4008
30401,574
32277,9530
9538,9503
5047,8086
20989,3788
18388,7063
22767,6211
7696,7987
5679,1230
36502,2604
17202,880
8729,3014
21603,444
20112,9093
21191,6311
33067,5013
7978,7840
27437,6825
9324,6674
31862,33
27549,4004
27590,9735
26391,4043
1818,1196
19678,1455
16584,4688
5862,781
21041,1532
34370,1778
1321,3796
747,8387
24978,4795
15673,8004
13474,9451
19717,5307
11306,1156
20516,6481
24080,8128
18713,9851
1921,1476
37223,8874
2467,5147
11105,7790
3268,605
33184,6493
28665,657
24988,2768
12756,3846
7530,7401
33335,5466
32141,3661
10250,5962
101,44
14623,9063
31691,3087
63,9574
24181,1574
2604,2032
17446,3948
11680,9635
5224,2572
33961,6402
26297,2022
4391,679
16157,401
21280,9941
5138,1943
6463,26
21960,3404
21941,685
9642,7029
21399,6165
30171,8150
33519,1486
7107,7438
13667,5211
27771,5812
20236,5011
8879,1238
25587,4209
17410,6542
30074,4645
21163,1086
15044,8540
14208,8452
9097,5366
31986,4006
12891,8597
1715,9428
22448,160
18424,5863
21733,1299
30839,4548
30560,8986
26713,4867
9992,724
5220,980
30011,1268
36990,7481
795,5231
33569,6876
2157,6824
5673,7851
22182,9451
23361,7387
31768,6904
16723,8508
26995,676
31741,2331
6445,6334
31029,4154
20825,8353
24966,8855
8602,6710
5145,6353
24194,2236
15168,5856
971,7409
19176,7013
10098,9332
22011,2952
28384,9682
27714,7457
17258,2883
4953,594
15161,5895
8725,7910
4612,4722
29710,3692
35763,3579
10157,1576
13101,4252
25249,6267
8552,8462
16367,7782
22026,6189
32332,886
28996,4671
8871,1337
6011,3250
33940,484
3125,1044
23945,2276
6977,9453
20941,993
10993,3316
35368,1837
15363,2519
4831,2353
142,8350
9285,7502
7267,7560
32559,8805
20321,9953
3179,5625
13114,3088
4101,7720
10648,9518
21239,9655
33387,8165
8425,4076
25393,7285
6070,7613
14165,3291
29512,9806
29835,5488
16313,1758
28531,8376
9349,1947
3901,9796
28857,2078
13143,9390
25674,4501
33330,4050
9473,6484
36924,4690
5628,4667
6234,7976
31388,26
13082,1178
15446,2707
7534,9095
23685,9607
14944,2350
2141,2324
23189,955
35849,1050
10865,4921
30803,7259
31541,4698
34910,8439
18788,3210
19489,1246
13174,4651
29662,6960
24215,7412
3383,3431
29911,8526
8370,328
2435,485
27931,6999
26446,537
22233,596
9430,3716
9403,648
11799,3972
718,943
36926,1912
2789,7874
16468,1106
32903,3079
30152,79
14563,5383
20984,8461
6176,2496
23940,1421
6712,3304
22826,4762
15578,5914
27173,6561
4659,7076
5568,8350
5934,6977
16534,425
22100,7743
7823,1209
11852,679
20986,7276
1598,1244
33780,2984
20948,1357
14916,8487
22719,2004
14854,1650
13131,4799
23268,3791
17403,1492
13972,5112
29367,4699
15013,8992
22084,3938
2132,3433
14807,9706
20582,8255
8240,482
35838,6957
24298,5995
22676,9908
9701,7507
22914,4117
17405,637
1890,2513
7220,4547
14217,2146
25413,8788
17204,4759
34777,815
35629,7037
8647,8644
15601,2590
14583,3600
34987,8748
31832,8171
33354,984
30450,3934
34693,3384
24358,6916
8483,5473
8332,5792
2444,8967
4794,7033
29099,6486
2390,9276
24266,5375
26218,1943
17757,5377
20185,9713
5221,3745
19986,9020
8920,9581
35250,4389
19293,771
36515,287
18442,6763
20352,2372
705,8586
2146,7551
1066,2261
3570,2451
21765,3682
3176,2862
21820,5920
11592,3259
19407,4631
10126,7021
26972,8966
616,8718
28260,9096
1972,4779
1523,6992
32361,3199
7757,4176
18421,9668
10091,5846
14725,6711
14540,3774
14019,6853
30033,1697
25246,272
32491,2560
3246,6164
16118,2220
10783,9049
28662,8533
36152,7147
27434,8593
10152,8954
2798,7788
14200,2022
14091,1883
17688,7541
19966,8347
20155,8780
880,1808
23728,8063
4361,7622
2710,5273
10901,8098
1246,5958
22310,3811
12346,9151
13310,1534
31052,1251
10747,4875
2805,2005
31477,5037
20440,6297
5425,8518
8008,3386
10436,3923
26056,4400
1475,8911
21879,7319
16170,6022
34058,5463
15334,2037
31483,923
30848,2429
31218,1928
30120,1201
32681,8528
34602,7501
11574,9128
32780,251
31865,363
29843,1311
19927,2376
11376,6522
5181,1339
18219,8090
27062,6877
28605,1227
7221,9078
8604,9914
16649,4830
29047,7863
32988,7410
13239,4082
15503,8197
3813,6240
13040,7990
29528,25
20854,8338
173,6548
36299,4742
2901,2950
20457,3718
20964,7625
12788,8696
30537,902
5784,8006
37226,7375
29114,5472
21383,5792
9853,155
2405,9406
30901,2952
28195,5243
22835,7455
22573,9418
576,3204
29194,9407
2924,6806
13974,5951
2411,6702
9291,6234
21302,4392
2947,4448
9296,6775
16349,5796
3096,2399
30016,9413
25028,5254
10631,8886
12036,876
14198,4991
22639,8032
14798,1150
31532,2968
25863,7478
24156,6006
21030,8190
9059,1971
10917,9225
10527,3948
11601,1517
6720,2243
4164,7123
27396,7801
29575,8220
14462,9880
4200,8797
12155,5941
16270,8777
32131,334
7537,2188
26037,3365
8228,7792
30364,6719
32536,2153
32209,8172
35357,208
13173,9808
3757,7532
11127,4568
17475,9258
35254,7802
7420,213
32456,6230
12732,2253
32190,2978
24991,7082
11644,9418
4892,4092
19940,5599
27140,4842
4762,2702
35285,2523
27602,4251
8283,7265
10915,8850
33741,7820
7355,3451
23703,5034
23440,967
12950,861
33009,5438
3402,4329
11060,712
1444,756
930,5368
34846,8020
27349,7281
9722,8394
10279,9582
9206,6751
20525,4941
15769,4070
20552,7722
1691,1137
7921,2334
20926,1716
19620,8959
8377,9209
35354,3602
995,3912
34423,2864
36516,5960
13825,3366
13730,7765
9645,7850
35479,3285
28837,1580
36988,9834
33967,9594
27372,1199
29339,2153
12530,6356
12240,6412
833,2318
5081,270
36543,4805
5584,5520
10099,3998
18189,1723
25586,8335
31256,6195
4110,8098
1508,4035
24367,4606
28139,5622
33275,3848
3398,3632
15080,9616
25551,9210
22691,6092
4080,5443
36538,2919
474,5413
34904,4742
25528,6746
22901,3341
18498,2845
290,6123
37244,5215
26280,7804
29623,4988
25040,816
8814,773
30636,7005
9807,989
22016,5935
21724,2392
13657,3201
14223,3691
8189,6911
27414,5124
22064,8127
11208,5769
25151,6767
15805,7193
30555,9995
17282,8358
10376,7111
30660,1431
29508,8788
22762,2788
31740,3483
34348,9211
29807,5929
23477,8259
28799,4749
8781,7148
14303,138
18591,4310
32135,3811
14486,7907
37163,37
13124,1873
28515,3633
18493,5129
13991,5772
31548,1629
11242,5335
22071,8664
24949,2103
12887,5116
36069,1138
34350,752
12099,521
23842,8430
36020,160
22277,8247
27069,6689
29780,8769
12969,5518
36051,4996
20109,7989
3745,5466
28243,8443
20631,5772
21171,8164
24195,2744
20535,6706
8993,1013
8227,5130
34753,3702
29918,6501
13263,5746
20830,2005
35661,571
13766,742
12223,4344
31489,874
24411,6152
29117,7219
33729,2700
14696,5988
1138,9917
18709,1139
36390,8673
14487,6655
29137,2021
37183,5680
27087,1246
13206,6287
36897,8037
4713,2507
3387,7539
14092,9629
36024,9212
22650,2563
7165,3921
32747,9010
16897,4569
29644,6980
19529,3413
21838,3285
9621,8451
32070,9190
20115,8698
34384,3849
18305,2104
26560,6624
30378,7333
26561,4967
8757,2523
2538,6922
13847,6956
25610,7238
6223,5943
33506,6688
2619,5401
35226,5970
13340,5596
14957,8400
35242,6667
30716,7581
17149,2074
11373,3936
34558,7943
30959,396
150,7119
2372,977
32607,50
18097,8800
15219,6288
9571,768
19501,1113
5379,1199
5117,5721
6939,1412
30204,3155
31863,8986
29453,608
31717,606
28701,1187
6489,3835
34320,298
37053,3462
30875,7873
20177,4521
17505,7103
10217,6054
22952,2558
4673,1903
485,7469
7791,6302
24689,2729
36259,2318
6068,6042
20893,8179
4296,8343
34453,8352
9870,5962
22275,5321
13431,9509
35708,8210
21456,1525
32033,8740
7439,6339
9641,1435
3949,1618
26592,5608
20818,7620
32775,3380
21406,7008
32873,7076
36486,9352
23805,6804
14095,7780
32046,5833
17722,5686
24707,6715
22532,5373
13373,2072
34575,2632
4344,2407
35211,2195
13326,8609
33826,8387
1804,9731
1844,4680
24740,2953
11355,7557
19114,6634
26960,5954
24393,6972
18234,8590
30359,9112
24015,1140
24280,7121
15943,2940
6332,7881
8589,6089
13814,8990
26106,6886
12188,423
23623,3271
20305,8313
22413,1911
11096,741
24088,7971
35863,2734
26151,6943
451,2469
10210,1642
14613,1123
9946,6833
4472,7022
14321,5168
15547,9308
34813,5525
15521,1432
11269,8169
10739,3168
487,5017
26324,6378
28406,4664
26780,3341
18851,3382
16486,223
11666,6929
16325,6762
30931,3158
33681,9786
5647,5558
17346,1195
36813,2120
19537,1372
23442,8354
25541,477
35134,7264
8447,7432
30304,7898
3210,701
1190,5485
27661,5355
563,3402
17362,8271
35535,9080
29569,5268
16381,9179
12277,522
5253,4054
21552,9480
36582,5729
36484,3898
351,971
12650,2648
19318,7478
21495,6135
17228,3307
14206,3228
6373,5561
13911,5615
35797,5521
20396,7098
25572,4916
36964,7997
3475,2107
34775,9468
6280,1568
5953,3639
13160,29
35056,6383
31542,3770
483,6666
1380,1027
30849,4993
2281,7795
31858,5122
6087,7511
31849,2187
17712,4022
36481,159
10520,1280
25041,6379
30264,914
24084,2605
27409,6553
6289,3755
20274,9769
34973,7230
27407,6882
15306,4217
7356,412
5332,1574
33985,1639
24803,3057
607,4607
15325,2247
28051,1075
17398,3534
31769,979
21535,823
16834,5236
35569,1966
29647,6867
35484,7085
34543,8
24767,3391
28101,740
31139,8614
10850,4867
7429,2423
20665,3573
30766,8736
32414,8484
9591,4145
36579,247
21544,7016
22197,6715
21821,7755
25406,7203
34922,1354
31538,8652
35089,578
35040,3877
22996,3582
7700,2743
10821,9279
28042,6202
36193,8551
7912,791
28581,8532
13586,2456
3050,5567
18392,180
20490,395
8715,3921
5390,1313
21995,8119
506,2672
31935,5483
2136,9032
26954,8427
28155,427
21439,6326
14111,1368
29297,559
13887,4193
10455,4667
32059,1056
4365,4541
8852,8460
3752,5035
18577,6823
11591,9269
31644,3681
24284,5497
176,4996
21046,4515
11899,5024
6690,6716
29213,2582
12538,3583
11627,1246
21299,4322
6627,362
16585,205
3710,7424
20347,8249
20193,7233
15537,3836
16594,1085
9480,4792
11195,314
7553,694
18804,4162
30259,230
34325,3617
8281,4434
16168,2645
16898,3178
22158,6410
12896,4057
6987,8469
19482,8956
2084,980
31663,5946
28722,88
30219,1981
11191,1545
33837,5352
26845,6531
8731,8569
11828,9330
27960,9790
27625,8422
5669,9833
33377,3077
18210,2654
32978,3154
33461,5011
33886,117
10898,8838
16918,2205
4440,8356
4398,9808
12340,1692
23719,91
14825,9564
8575,2514
20944,2471
2194,524
19640,9879
29744,3710
32283,7153
18286,1483
14851,6606
29756,9163
28674,6978
26266,8406
7819,6790
13062,2613
20117,7436
16674,122
10397,125
11524,9950
1671,7697
20135,7893
37057,4041
32789,7773
8505,3181
2582,5489
30886,3982
14001,3563
14488,598
5222,9823
35123,8081
25208,7519
19559,153
28321,8950
12583,3080
22321,177
10154,2410
2898,44
20904,8274
2018,1184
8902,4455
31338,7728
11216,2659
22811,1811
16377,9273
33066,8282
21486,9359
20482,2203
8233,192
2993,7073
21227,2071
1057,2349
10054,6958
36417,4366
20988,975
34703,4174
11770,7560
29555,2116
27456,2343
7199,6391
30183,5462
21490,6634
13295,1812
10160,5514
4230,3226
32297,6378
36288,7270
1455,3277
12895,9551
2718,3905
7682,3286
34035,3703
36991,8445
11414,1302
9733,3114
31514,8427
25402,3302
3498,9126
16357,8166
32829,4811
30673,5504
18992,4447
25276,5086
1056,1448
15393,7725
19048,5064
35750,5892
9298,8064
852,2788
4490,8630
10873,7780
22516,8692
18317,9905
1388,5314
5601,2614
9681,1585
6377,3356
32840,8351
7113,5217
23693,6753
22509,2737
13589,8147
27014,3165
25751,6928
23339,5483
29490,314
34298,352
33921,1130
8886,4153
23978,2919
